1,Rockwell,rframpton0@nifty.com
2,Horton,hrout1@lulu.com
3,Ezekiel,eriddich2@harvard.edu
4,Angelina,apawlowicz3@accuweather.com
5,Ellery,estuck4@instagram.com
6,Tasia,tdefilippi5@dot.gov
7,Christin,cdryden6@tiny.cc
8,Rafael,ralejo7@yandex.ru
9,Noble,nwadly8@cam.ac.uk
10,Hercule,hkincla9@sphinn.com
11,Lavina,lclinea@addthis.com
12,Selina,sblesingb@vkontakte.ru
13,Mady,mmostinc@google.es
14,Kalila,kplaiced@angelfire.com
15,Amanda,athomae@cornell.edu
16,Aprilette,abreawoodf@trellian.com
17,Isidoro,iupexg@cocolog-nifty.com
18,Mike,mcritchleyh@sfgate.com
19,Herta,hdomineyi@merriam-webster.com
20,Natividad,nreedickj@fotki.com
21,Luise,lvoakk@simplemachines.org
22,Eb,egrasl@intel.com
23,Kirby,kyarwoodm@spiegel.de
24,Jamaal,jmacshirrien@columbia.edu
25,Kitti,kmcmanamono@time.com
26,Shay,sprayp@technorati.com
27,Efrem,elucasq@sohu.com
28,Jenelle,jbernholtr@dagondesign.com
29,Floris,fgreystokes@e-recht24.de
30,Kristi,kjannyt@home.pl
31,Simona,smaccomeu@squidoo.com
32,Ethelind,eeveringtonv@vk.com
33,Michaeline,mmomeryw@csmonitor.com
34,Saree,spextonx@usatoday.com
35,Milissent,mbeckeny@gravatar.com
36,Dar,dpentelowz@mapy.cz
37,Leilah,lcastano10@samsung.com
38,Ben,bcardinal11@wunderground.com
39,Arabela,aminelli12@senate.gov
40,Maryrose,mwalter13@google.nl
41,Paul,paddekin14@discuz.net
42,Dorry,dledward15@technorati.com
43,Carlota,cbrydone16@theglobeandmail.com
44,Tracie,tlowes17@1688.com
45,Currey,cewington18@goo.ne.jp
46,Alice,anial19@sciencedaily.com
47,Anne-marie,arubinowitsch1a@technorati.com
48,Kile,kbrolechan1b@skyrock.com
49,Hyacinthia,hvigietti1c@tumblr.com
50,Krishnah,kjosowitz1d@state.gov
51,Monique,mdee1e@elegantthemes.com
52,Shari,smateev1f@tripod.com
53,Correy,cderoeck1g@xinhuanet.com
54,Arnie,apeyes1h@japanpost.jp
55,Noni,nhudleston1i@who.int
56,Noell,nkohnen1j@printfriendly.com
57,Lamont,lmallabund1k@t-online.de
58,Cissy,chuge1l@dailymail.co.uk
59,Ave,afetherstonhaugh1m@ow.ly
60,Dmitri,dchesswas1n@sciencedirect.com
61,Sada,strumpeter1o@opera.com
62,Iver,iolenov1p@over-blog.com
63,Brok,bcastilljo1q@wiley.com
64,Cesar,cbutterwick1r@xinhuanet.com
65,Levon,lstonuary1s@intel.com
66,Sol,sbrewer1t@vkontakte.ru
67,Deanne,dmenel1u@xing.com
68,Ellissa,eoffin1v@gmpg.org
69,Ferd,fkrop1w@usgs.gov
70,Stanley,swudeland1x@paypal.com
71,Warden,whanscome1y@friendfeed.com
72,Belita,bklemensiewicz1z@dell.com
73,Lory,lpobjay20@marketwatch.com
74,Igor,ileftly21@sakura.ne.jp
75,Waldon,wdelves22@arizona.edu
76,Feodor,ffursey23@wikimedia.org
77,Amory,ahought24@sphinn.com
78,Aurie,amacfadzean25@abc.net.au
79,Latashia,lquilleash26@google.co.uk
80,Ursa,uveillard27@liveinternet.ru
81,Sanderson,sioselev28@devhub.com
82,Marjorie,mcoppock29@hugedomains.com
83,Dinnie,dlashley2a@spiegel.de
84,Meryl,mcuckoo2b@independent.co.uk
85,Shina,smerritt2c@weebly.com
86,Michale,mtadgell2d@slate.com
87,Eustace,ebolderstone2e@google.pl
88,Reynolds,rdeegan2f@over-blog.com
89,Thayne,tnewlan2g@sakura.ne.jp
90,Mordy,mjukubczak2h@upenn.edu
91,Gail,ghoundesome2i@vimeo.com
92,Petunia,pseleway2j@elpais.com
93,Lydon,lforgan2k@merriam-webster.com
94,Lars,lnormanvill2l@ifeng.com
95,Kit,kgammie2m@homestead.com
96,Devy,dbattell2n@cdbaby.com
97,Ingaborg,ispeedin2o@hatena.ne.jp
98,Kane,kwansbury2p@marriott.com
99,Chan,cgareisr2q@gnu.org
100,Mada,mhedingham2r@bloomberg.com
101,Jeanine,jmitchelhill2s@tinyurl.com
102,Chloe,ccupper2t@sourceforge.net
103,Rica,rciraldo2u@state.gov
104,Valentin,vdomleo2v@cpanel.net
105,Pansy,psperrett2w@mayoclinic.com
106,Gerda,gwiddowson2x@facebook.com
107,Vinny,vchillcot2y@ca.gov
108,Alejandrina,aashfield2z@unblog.fr
109,Rudolph,rcarstairs30@washington.edu
110,Heath,hthistleton31@1688.com
111,Nikki,nbutterfint32@arstechnica.com
112,Shurwood,sagastina33@abc.net.au
113,Carson,cramplee34@cisco.com
114,Eberto,easlet35@sitemeter.com
115,Hazel,htroillet36@4shared.com
116,Georas,gradenhurst37@symantec.com
117,Ynez,yrocks38@yahoo.co.jp
118,Yvonne,yitzcovichch39@ovh.net
119,Jemmy,jphilipard3a@alibaba.com
120,Meggie,mtapping3b@springer.com
121,Hugh,hprendeville3c@hp.com
122,Zechariah,zsenussi3d@sbwire.com
123,Jenni,jaronowitz3e@mozilla.org
124,Elroy,ebaptie3f@ezinearticles.com
125,Bank,bedis3g@businessinsider.com
126,Antonella,akirkness3h@samsung.com
127,Caron,cbingall3i@goo.gl
128,Pansie,pingleston3j@youku.com
129,Sheppard,szini3k@newsvine.com
130,Vivyanne,vwestwood3l@zimbio.com
131,Geraldine,gnucci3m@newyorker.com
132,Amata,apimlock3n@webnode.com
133,Pepito,pleggin3o@twitter.com
134,Eran,eknowlys3p@cloudflare.com
135,Berny,beastes3q@mediafire.com
136,Ginevra,gkolakovic3r@vinaora.com
137,Orelle,oiveans3s@360.cn
138,Mac,mchad3t@w3.org
139,Arny,asokale3u@usa.gov
140,Othilia,oivanishev3v@java.com
141,Margaux,mbrockwell3w@weibo.com
142,Dawna,ddejuares3x@studiopress.com
143,Allyce,aizod3y@constantcontact.com
144,Belicia,brosentholer3z@barnesandnoble.com
145,Queenie,qmussen40@discuz.net
146,Nicki,nturbard41@exblog.jp
147,Ivy,idows42@netvibes.com
148,Jessalyn,jpalphreyman43@indiatimes.com
149,Jacenta,jdomelaw44@amazon.de
150,Rosanne,rcoxhell45@china.com.cn
151,Ferne,fjanoschek46@youku.com
152,Wyatt,wcompfort47@apache.org
153,Andros,abegent48@senate.gov
154,Esra,eevered49@cyberchimps.com
155,Margit,mchestnut4a@blogspot.com
156,Chad,cwemes4b@typepad.com
157,Goldia,gentwhistle4c@reuters.com
158,Calli,csoutar4d@huffingtonpost.com
159,Haskell,haronov4e@marketwatch.com
160,Taffy,tduggen4f@ebay.com
161,Joellen,jbourges4g@bloomberg.com
162,Harvey,hwoolston4h@stanford.edu
163,Geno,gfrancesconi4i@netscape.com
164,Ina,iguslon4j@github.com
165,Ximenez,xmelpuss4k@sciencedirect.com
166,Isobel,ifrow4l@icio.us
167,Carin,cgalland4m@go.com
168,Ardis,ahemstead4n@netscape.com
169,Vitia,vlavington4o@epa.gov
170,Georas,gsainsberry4p@imgur.com
171,Shelley,sstothert4q@miibeian.gov.cn
172,Colas,cfratczak4r@de.vu
173,Nobie,nalkins4s@epa.gov
174,Aline,aknocker4t@blinklist.com
175,Gardy,gpiburn4u@ebay.com
176,Benito,bcaisley4v@telegraph.co.uk
177,Janene,jtuckwood4w@diigo.com
178,Ancell,apaulich4x@slideshare.net
179,Duffie,dsprasen4y@drupal.org
180,Mark,mhinstock4z@msu.edu
181,Elysha,elebreton50@cisco.com
182,Florentia,fribeiro51@miitbeian.gov.cn
183,Bevvy,bensor52@a8.net
184,Martita,mfreschini53@naver.com
185,Roddy,rcluelow54@tinyurl.com
186,Elane,ebrill55@rediff.com
187,Erie,ebinestead56@ow.ly
188,Clementina,chartnell57@google.pl
189,Maxy,mshillam58@opera.com
190,Herrick,hradbond59@nba.com
191,Ramsey,rgriffitts5a@prweb.com
192,Selestina,ssymmers5b@comsenz.com
193,Karlik,kawdry5c@cocolog-nifty.com
194,Conrado,cweavill5d@paginegialle.it
195,Amandie,amcquilty5e@canalblog.com
196,Pamela,phardison5f@usatoday.com
197,Winifield,wpetzold5g@yellowbook.com
198,Denney,dsemiras5h@indiatimes.com
199,Phil,pfranceschi5i@sphinn.com
200,Wilhelmina,whowles5j@java.com
201,Gene,gstoade5k@mit.edu
202,Donny,dcoggan5l@delicious.com
203,Sherline,sjohnigan5m@simplemachines.org
204,Ariadne,alympenie5n@dagondesign.com
205,Elinore,elindeberg5o@alibaba.com
206,Sumner,sleaning5p@com.com
207,Consuelo,cepiscopio5q@tiny.cc
208,Horst,hpatshull5r@google.fr
209,Esteban,ecowlam5s@booking.com
210,Siobhan,scooney5t@yahoo.com
211,Ynes,ymargaritelli5u@mediafire.com
212,Row,rallone5v@va.gov
213,Basil,bewbanche5w@friendfeed.com
214,Corabelle,cfareweather5x@instagram.com
215,Putnam,psteptow5y@tiny.cc
216,Willdon,wlelievre5z@skype.com
217,Blair,boxbie60@whitehouse.gov
218,Tuckie,tmurrish61@ucoz.com
219,Doralia,drzehorz62@wunderground.com
220,Meridith,mhewkin63@sbwire.com
221,Jeralee,jstrewthers64@people.com.cn
222,Marlo,mwilletts65@weibo.com
223,Derick,dneillans66@bing.com
224,Irving,icorpes67@hp.com
225,Kirsteni,klutsch68@foxnews.com
226,Adriena,adarmody69@twitpic.com
227,Maryjo,mgouldstone6a@ustream.tv
228,Leelah,lskrzynski6b@biglobe.ne.jp
229,Odella,obeevors6c@newsvine.com
230,Candide,cbelcham6d@goo.ne.jp
231,Nataline,ncrowcroft6e@imageshack.us
232,Esther,ekreutzer6f@dedecms.com
233,Augustine,amcaloren6g@who.int
234,Moises,mvasichev6h@ibm.com
235,Corrie,cverbrugge6i@hhs.gov
236,Lowrance,lcorradino6j@parallels.com
237,Karola,kgryglewski6k@freewebs.com
238,Dalia,dpendre6l@dyndns.org
239,Fonzie,fcunrado6m@phpbb.com
240,Celestyna,cbox6n@nsw.gov.au
241,Merci,mmarlon6o@oaic.gov.au
242,Ronny,rscamerden6p@flavors.me
243,Penrod,pquene6q@senate.gov
244,Madalena,mcollinson6r@free.fr
245,Devinne,dblakebrough6s@virginia.edu
246,Bernadina,bbullivent6t@pbs.org
247,Isadore,ifarthing6u@usnews.com
248,Tiffany,tgrindell6v@boston.com
249,Patricia,pbrazur6w@walmart.com
250,Basilius,bheavy6x@hexun.com
251,Pennie,pgothard6y@nature.com
252,Wandie,wfitzsimmons6z@digg.com
253,Larine,lcroux70@sourceforge.net
254,Jimmie,jproger71@va.gov
255,Keven,kkinglake72@bbc.co.uk
256,Chauncey,cupson73@google.com
257,Gifford,garnopp74@tinyurl.com
258,Tiphanie,tgoble75@ucsd.edu
259,Linda,ldanilchik76@de.vu
260,Traci,tgally77@theglobeandmail.com
261,Noelani,nratley78@ibm.com
262,Cairistiona,cnugent79@geocities.com
263,Phip,polley7a@usa.gov
264,Krishnah,kkorneev7b@oracle.com
265,Norbie,nlawtie7c@berkeley.edu
266,Matt,mbernardelli7d@last.fm
267,Ivar,ipauls7e@goodreads.com
268,Sherwin,slydiatt7f@deliciousdays.com
269,Corry,cdandison7g@1und1.de
270,Malina,mpeye7h@latimes.com
271,Pavia,pocrigan7i@topsy.com
272,Carmelia,carndell7j@xrea.com
273,Brittaney,bhooks7k@wordpress.org
274,Doralynn,dspencelayh7l@freewebs.com
275,Elvin,emaccardle7m@spotify.com
276,Lennie,lbouch7n@topsy.com
277,Donella,ddyde7o@europa.eu
278,Adler,abus7p@tiny.cc
279,Nickie,ncolbron7q@oakley.com
280,Derry,dfaber7r@dropbox.com
281,Isabel,irichardes7s@gravatar.com
282,Korrie,kpearson7t@ebay.co.uk
283,Ashia,abenzies7u@pbs.org
284,Carin,cmcphaden7v@upenn.edu
285,Faye,fvautre7w@cafepress.com
286,Tan,tmccorley7x@xrea.com
287,Dill,dkellie7y@vistaprint.com
288,Bettine,bglasheen7z@jugem.jp
289,Arabele,arucklidge80@narod.ru
290,Jayson,jlockhead81@technorati.com
291,Nancy,nandrolli82@edublogs.org
292,Chere,cneggrini83@feedburner.com
293,Elnora,estellin84@eventbrite.com
294,Farica,fbeart85@reference.com
295,Tomasina,tbrafield86@tiny.cc
296,Brady,bmalatalant87@163.com
297,Elvyn,ebunworth88@blogs.com
298,Garfield,gsynnot89@indiegogo.com
299,Arnold,achaters8a@friendfeed.com
300,Noreen,nstatefield8b@ask.com
301,Laverna,lluna8c@moonfruit.com
302,Archie,aspeck8d@gmpg.org
303,Krishna,ksaintsbury8e@hc360.com
304,Eileen,eclawson8f@nasa.gov
305,Janetta,jbutner8g@usgs.gov
306,Pernell,pkondratowicz8h@hibu.com
307,Silvie,sjeannard8i@bbc.co.uk
308,Kailey,kmighele8j@ehow.com
309,Terrill,tshevlane8k@storify.com
310,Prudence,pfritz8l@gmpg.org
311,Ignatius,ivockins8m@eepurl.com
312,Niki,nspillman8n@etsy.com
313,Sissie,scowoppe8o@nhs.uk
314,Rena,rdowdell8p@utexas.edu
315,Alena,amcshirrie8q@shutterfly.com
316,Carver,cbreit8r@domainmarket.com
317,Irena,ibarthrup8s@qq.com
318,Beverlee,bpentycost8t@nyu.edu
319,Datha,dbeldham8u@fc2.com
320,Davina,dshieldon8v@pbs.org
321,Bjorn,bgain8w@indiatimes.com
322,Maribelle,mchristescu8x@noaa.gov
323,Kassia,kmenelaws8y@163.com
324,Thomasin,tseamer8z@bloglines.com
325,Griffith,gsimkovitz90@imdb.com
326,Faustine,fspurett91@mozilla.com
327,Joceline,jcoutts92@foxnews.com
328,Ronna,rcompton93@cloudflare.com
329,Ki,kphidgin94@facebook.com
330,Sim,sswalwell95@deviantart.com
331,Aubrette,ahenaughan96@instagram.com
332,Hussein,hbelson97@studiopress.com
333,Ripley,rtrinder98@prlog.org
334,Evvy,etomaschke99@loc.gov
335,Flint,ftippin9a@facebook.com
336,Sarena,sbeese9b@eventbrite.com
337,Karalee,khamshaw9c@ted.com
338,Carol-jean,ctaffie9d@canalblog.com
339,Tracee,tgoldup9e@hao123.com
340,Scarlett,stickner9f@soup.io
341,Natasha,nbickerstaff9g@paypal.com
342,Mal,mbitten9h@seattletimes.com
343,Cristionna,ckidney9i@umich.edu
344,Yulma,yadamovsky9j@taobao.com
345,Annora,aidel9k@gnu.org
346,Gracie,gcartmael9l@com.com
347,Jess,jplet9m@epa.gov
348,Harlene,hjosselson9n@wordpress.com
349,Mariana,mtorr9o@qq.com
350,Anthony,atampen9p@ucoz.com
351,Melly,mroubottom9q@answers.com
352,Arthur,acornall9r@reuters.com
353,Anders,arubinsky9s@naver.com
354,Briny,bhallatt9t@columbia.edu
355,Salomo,ssey9u@unc.edu
356,Ruperta,rsissens9v@baidu.com
357,Luce,lslaughter9w@furl.net
358,Aeriela,afrancesc9x@cafepress.com
359,Trudi,thulbert9y@disqus.com
360,Danny,darnauduc9z@washingtonpost.com
361,Giraldo,gnicola0@tinypic.com
362,Jill,jconnolda1@icq.com
363,Matthieu,mlovewella2@dot.gov
364,Gabbie,gstockera3@cmu.edu
365,Alain,amoodycliffea4@columbia.edu
366,Somerset,smarquanda5@archive.org
367,Siana,swadhamsa6@surveymonkey.com
368,Garv,gscoynea7@bbc.co.uk
369,Tammie,tchattocka8@merriam-webster.com
370,Petronille,psherrella9@narod.ru
371,Merralee,mdrummeraa@reverbnation.com
372,Billye,bwooddisseab@npr.org
373,Lester,lkybirdac@wikimedia.org
374,Phaedra,pvasyutichevad@tmall.com
375,Willis,wammerae@vk.com
376,Eric,edurdyaf@lycos.com
377,Stephanus,sfeethamag@ibm.com
378,Christine,calldredah@smh.com.au
379,Hubert,hfulleai@wikia.com
380,Francesca,fgalliveraj@cloudflare.com
381,Christoforo,clampkeak@hibu.com
382,Willdon,whargroveal@taobao.com
383,Afton,aterryam@sitemeter.com
384,Florian,fburtonshawan@zdnet.com
385,Lanae,llisettao@japanpost.jp
386,Bibi,briglerap@aol.com
387,Leon,lasquezaq@cnet.com
388,Lorine,lcredlandar@imageshack.us
389,Conroy,cpringeras@reuters.com
390,Maryjo,maingelat@illinois.edu
391,Evelin,eparmleyau@baidu.com
392,Kaitlynn,kokennedyav@pen.io
393,Gannon,gcarpeaw@nba.com
394,Krystle,kblondelleax@topsy.com
395,Chickie,cgerretsenay@uiuc.edu
396,Nikolaos,nhollowsaz@msn.com
397,Huntlee,hpriddeyb0@umn.edu
398,Barnie,bcearleyb1@a8.net
399,Bram,bbabeb2@eepurl.com
400,Dean,droyallb3@odnoklassniki.ru
401,Grazia,gdellenbrokb4@thetimes.co.uk
402,Misty,mpeatmanb5@arstechnica.com
403,Shandee,skinigb6@skyrock.com
404,Gael,gsoameb7@de.vu
405,Percy,pconwsb8@booking.com
406,Hanni,hsatterthwaiteb9@live.com
407,Marilyn,mlinkeba@slideshare.net
408,Maddie,mandriuzzibb@spiegel.de
409,Mead,mprendergrassbc@wiley.com
410,Luca,lvanderhoevenbd@furl.net
411,Bronnie,bdomekbe@blogger.com
412,Gerti,gscoreybf@domainmarket.com
413,Marcy,mcausleybg@blogs.com
414,Ilka,imairbh@marriott.com
415,Davey,dfilbybi@cam.ac.uk
416,Hetti,hfortnambj@posterous.com
417,Ronda,reastgatebk@scientificamerican.com
418,Deena,dcopinbl@geocities.com
419,Paulette,pyorkstonbm@wired.com
420,Casey,cmcgibbonbn@indiatimes.com
421,Bessy,bboomebo@google.it
422,Andree,aharmourbp@cbslocal.com
423,Richy,rchickenbq@printfriendly.com
424,Louise,lsaffinbr@tinypic.com
425,Abra,aelnaughbs@wufoo.com
426,Luci,lposkittbt@trellian.com
427,Anna,astoutbu@guardian.co.uk
428,Sylvan,slauksbv@webnode.com
429,Aurel,avindenbw@storify.com
430,Scott,sfaleybx@mlb.com
431,Nikolai,nmcginneyby@shinystat.com
432,Aveline,ashotboltbz@163.com
433,Gwenora,gmckennanc0@time.com
434,Erek,esulleyc1@msn.com
435,Rodolfo,rarelesc2@reverbnation.com
436,Hope,hbaldellic3@hubpages.com
437,Iver,iairec4@aboutads.info
438,Bonny,bodonohuec5@nasa.gov
439,Noami,nsalvadorc6@ucoz.ru
440,Hewet,hhaglintonc7@gmpg.org
441,Barrie,bmaddicksc8@themeforest.net
442,Melisande,mgranec9@squarespace.com
443,Aleda,akilloughca@friendfeed.com
444,Yoshiko,ybrodeaucb@noaa.gov
445,Sybyl,sianninicc@slideshare.net
446,Salvidor,sleggittcd@tinypic.com
447,Gipsy,gmallallce@canalblog.com
448,Odette,opilmorecf@thetimes.co.uk
449,Worthington,wtansleycg@symantec.com
450,Dukey,drouchch@independent.co.uk
451,Nobie,narnaudetci@privacy.gov.au
452,Melessa,mkeetoncj@linkedin.com
453,Jasmin,jwifeck@answers.com
454,Ashby,atrumpcl@berkeley.edu
455,Cordy,cvidacm@economist.com
456,Winnie,wmattiellicn@si.edu
457,Doloritas,dmcgeownco@senate.gov
458,Hymie,hblackburncp@artisteer.com
459,Manfred,msegravecq@icio.us
460,Ardys,alemarchantcr@taobao.com
461,Odetta,oyashaevcs@surveymonkey.com
462,Lisha,lfarlanect@boston.com
463,Sheeree,sbodillcu@cocolog-nifty.com
464,Kimball,krobardeycv@amazon.de
465,Diandra,dshellsheerecw@hao123.com
466,Gail,gbodellcx@seesaa.net
467,Auberon,aconringcy@mediafire.com
468,Sarah,smarencz@dot.gov
469,Raynell,rcrammyd0@chicagotribune.com
470,Cobb,csanterd1@examiner.com
471,Mikey,mchopind2@ezinearticles.com
472,Tara,tgarlettd3@feedburner.com
473,Alwyn,amcanultyd4@mozilla.com
474,Murdoch,mgrundd5@123-reg.co.uk
475,Bard,bnapperd6@blogger.com
476,Emogene,esibberingd7@fema.gov
477,Junia,jnorssisterd8@cbsnews.com
478,Gusty,ggriffithed9@samsung.com
479,Megen,msatchelda@hhs.gov
480,Cally,cstanleydb@ftc.gov
481,Roselin,rlorrymandc@ifeng.com
482,Gwenore,gmccarrondd@nydailynews.com
483,Monro,mrotherde@dailymotion.com
484,Grethel,gmolnardf@earthlink.net
485,Brita,bpepperilldg@bandcamp.com
486,Marysa,mcrombdh@i2i.jp
487,Julio,jcristofvaodi@wunderground.com
488,Casper,csearstondj@reddit.com
489,Wash,wbingalldk@skyrock.com
490,Drusilla,dairesdl@wikia.com
491,Coral,cfaringtondm@shutterfly.com
492,Enrica,emcgilldn@epa.gov
493,Marlena,mcapeloffdo@e-recht24.de
494,Frank,farrandaledp@baidu.com
495,Helge,hkopmandq@chronoengine.com
496,Stefania,sscuttsdr@technorati.com
497,Mendel,mcockleds@parallels.com
498,Carina,crobusdt@vk.com
499,Jose,jgrassdu@ibm.com
500,Dierdre,despineldv@feedburner.com
501,Binni,bruggdw@boston.com
502,Candi,cwybrewdx@usatoday.com
503,Annissa,akeiltydy@xrea.com
504,Lindsay,lbyresdz@ning.com
505,Shannah,smccuise0@sogou.com
506,Freddy,fforestele1@independent.co.uk
507,Gerti,ghudghtone2@gravatar.com
508,Annabela,agwaltere3@nifty.com
509,Kaylyn,khehire4@cloudflare.com
510,Kaitlyn,kchesone5@columbia.edu
511,Natka,nlittlere6@slashdot.org
512,Torrance,tpyrtone7@123-reg.co.uk
513,Lay,ltraute8@businessinsider.com
514,Donnamarie,dmixere9@prlog.org
515,Jeniece,jgheorghieea@youtu.be
516,Welch,wboaseb@twitter.com
517,Halimeda,hpadgettec@e-recht24.de
518,Celine,crustedgeed@exblog.jp
519,Tonie,tlismoreee@google.co.jp
520,Dennie,delderkinef@icio.us
521,Seka,sasbreyeg@amazon.co.uk
522,Romola,reakleyeh@cornell.edu
523,Jonas,jkettoeei@t-online.de
524,Stanton,sleybanej@istockphoto.com
525,Valdemar,vhanrettyek@zdnet.com
526,Ingeborg,iivshinel@soundcloud.com
527,Blondy,bsterrickerem@yolasite.com
528,Arabela,aesselinen@edublogs.org
529,Maude,mcoastereo@360.cn
530,Eleanora,ekempstoneep@mtv.com
531,Christalle,cernieq@tinypic.com
532,Gunther,godomer@java.com
533,Adeline,avynehalles@homestead.com
534,Derry,dcouvetet@domainmarket.com
535,Katti,kyeardleyeu@dedecms.com
536,Hadlee,hmcalinionev@state.gov
537,Aimil,abandew@paginegialle.it
538,Tomas,tliddicoatex@nytimes.com
539,Brett,buglowey@washington.edu
540,Woodrow,wlangfieldez@state.tx.us
541,Arnoldo,amethringhamf0@facebook.com
542,Salmon,sworkf1@imageshack.us
543,Leone,lclarabutf2@example.com
544,Edi,eblasef3@nba.com
545,Iorgos,ibelshamf4@abc.net.au
546,Carola,cdredgef5@boston.com
547,Eziechiele,egorglerf6@skype.com
548,Lorena,lcutridgef7@weibo.com
549,Dorothee,dschurigf8@seesaa.net
550,Bertie,bbaxterf9@webmd.com
551,Abran,astanbrofa@hud.gov
552,Reuven,rtuxellfb@howstuffworks.com
553,Benjamin,bbisgrovefc@xrea.com
554,Darnall,dlawtonfd@google.ca
555,Romeo,rabthorpefe@amazon.de
556,Cathlene,cderoeckff@hibu.com
557,Aron,abarterfg@webeden.co.uk
558,Giraud,gmcilherranfh@hud.gov
559,Jessa,jmaseykfi@t-online.de
560,Balduin,blehucquetfj@weibo.com
561,Retha,rreggianifk@amazon.co.uk
562,Kelley,kbrandsenfl@surveymonkey.com
563,Darb,dmarchfm@unesco.org
564,Leyla,lcobbefn@answers.com
565,Cull,ccallardfo@de.vu
566,Iver,ibrugemannfp@prnewswire.com
567,Betta,bgreaterexfq@cdc.gov
568,Natty,nagentfr@bloomberg.com
569,Kalil,kcindereyfs@simplemachines.org
570,Caron,clewendonft@xrea.com
571,Leontine,lmiddletonfu@washingtonpost.com
572,Kirbee,kgosneyefv@walmart.com
573,Kiel,kduckelsfw@github.io
574,Lesli,lredittfx@google.nl
575,Justen,jgarviefy@shutterfly.com
576,Cicily,cwibrowfz@lulu.com
577,Harley,harnotg0@nature.com
578,Layton,lmccambroisg1@wisc.edu
579,Abie,ateresiag2@ask.com
580,Uta,udargavelg3@blog.com
581,Gwen,ghugonetg4@webmd.com
582,Sibby,sstraingeg5@pen.io
583,Myriam,mdimontg6@biglobe.ne.jp
584,Jerry,jhighnamg7@liveinternet.ru
585,Sargent,sloffelg8@acquirethisname.com
586,Sigismund,scolenuttg9@edublogs.org
587,Zacharie,zbarrowcloughga@statcounter.com
588,Nevin,npoundsfordgb@weather.com
589,Reyna,rlockerygc@flickr.com
590,Myer,mdearinggd@time.com
591,Christan,ctissingtonge@dot.gov
592,Bax,bpardalgf@xinhuanet.com
593,Eugenius,emathisongg@hibu.com
594,Andee,abeethamgh@themeforest.net
595,Catrina,cmarfegi@t.co
596,Benji,bargergj@cafepress.com
597,Tarra,tpalfremangk@mozilla.com
598,Ainslee,aconditgl@lulu.com
599,Port,pblakesgm@godaddy.com
600,Meir,mcalveygn@example.com
601,Breena,bjoffego@yellowpages.com
602,Demetria,dscreasegp@cnbc.com
603,Zed,zmckeggiegq@istockphoto.com
604,Bentlee,bdenisgr@admin.ch
605,Haley,hpedraccigs@spiegel.de
606,Irwinn,ichastanetgt@behance.net
607,Izak,iblackmangu@shinystat.com
608,Jeddy,jkenefordegv@rediff.com
609,Mary,mbotterillgw@ifeng.com
610,Estell,eoquirkgx@netscape.com
611,Noah,ngoodissongy@businesswire.com
612,Wheeler,wwrenchgz@wunderground.com
613,Darla,dtinmanh0@csmonitor.com
614,Arline,abalwinh1@vinaora.com
615,Cleve,cgodierh2@lycos.com
616,Meryl,msomerledh3@vistaprint.com
617,Rafaelita,rbeechcrafth4@timesonline.co.uk
618,Alyssa,aleupoldth5@senate.gov
619,Corena,cpownerh6@163.com
620,Christel,creaveyh7@merriam-webster.com
621,Emanuel,eharrissonh8@elpais.com
622,Devonne,dbroadbereh9@china.com.cn
623,Kissie,kclimieha@canalblog.com
624,Christian,cmugglestonhb@naver.com
625,Ephrem,ealdwichhc@gov.uk
626,Erastus,eashpolehd@spotify.com
627,Michail,mwivellhe@foxnews.com
628,Marcia,mwessinghf@biglobe.ne.jp
629,Bette,bleppingwellhg@slate.com
630,Burtie,bcawseyhh@spiegel.de
631,Mendie,mwhitemarshhi@usgs.gov
632,Ross,rcreginhj@jimdo.com
633,Twila,tsiegehk@baidu.com
634,Doria,ddarkerhl@symantec.com
635,Davey,dtamshm@uiuc.edu
636,Lexie,lmadelinhn@dailymail.co.uk
637,Bibbye,bschabenho@cdc.gov
638,Demeter,ddevotehp@tripod.com
639,Jo-anne,jivashechkinhq@devhub.com
640,Vicky,vclarsonhr@over-blog.com
641,Kahlil,kholliganhs@squarespace.com
642,Vivyanne,vlaunderht@apache.org
643,Reilly,rdrescherhu@princeton.edu
644,Stacee,svenneyhv@oracle.com
645,Garnette,gdealtryhw@yellowpages.com
646,Ansel,ashakespearhx@google.es
647,Richie,rwhorallhy@nasa.gov
648,Muffin,mortonhz@360.cn
649,Blondie,bspeedingi0@bloomberg.com
650,Thibaud,trameleti1@phoca.cz
651,Lita,laimeri2@who.int
652,Linea,lsibuni3@aboutads.info
653,Berry,bmallindinei4@netlog.com
654,Stephie,sskasei5@webeden.co.uk
655,Sena,semsdeni6@t-online.de
656,Farr,fgainforti7@free.fr
657,Leticia,lelwini8@feedburner.com
658,Cary,cwagnerini9@tinypic.com
659,Gilbert,gyteria@flavors.me
660,Eldridge,emycroftib@pen.io
661,Johnnie,jpointingic@bloomberg.com
662,Giffard,gquarlesid@wisc.edu
663,Romona,rkimblenie@nifty.com
664,Logan,ltrussif@house.gov
665,Perrine,pmauldenig@edublogs.org
666,Ethe,ekippingih@census.gov
667,Hilary,hmallaboneii@devhub.com
668,Beitris,bcolinij@china.com.cn
669,Robina,rlorensik@hubpages.com
670,Eunice,edoweril@cbslocal.com
671,Niccolo,nmacanelleyim@uiuc.edu
672,Glad,ghaslinin@ehow.com
673,Archy,aolunneyio@ox.ac.uk
674,Garrick,gsouthcoatip@msn.com
675,Dniren,datteridgeiq@kickstarter.com
676,Blisse,bhemberyir@amazon.co.jp
677,Jacquelin,jmorchis@chron.com
678,Darby,dblossit@moonfruit.com
679,Kassia,kangoveiu@constantcontact.com
680,Jilleen,jhobdeniv@ft.com
681,Teriann,tchasmariw@cyberchimps.com
682,Roderich,rliversleyix@list-manage.com
683,Chryste,cottamiy@statcounter.com
684,Rennie,rblenkinsopiz@rambler.ru
685,Emlynn,enevillj0@cdbaby.com
686,Ann,arennej1@ifeng.com
687,Warren,wanningj2@fotki.com
688,Denny,dsulmanj3@slate.com
689,Latashia,lladewigj4@oakley.com
690,Torry,tblumsomj5@desdev.cn
691,Deeann,ddrinkhallj6@nature.com
692,Eugen,eoreillyj7@usda.gov
693,Bunnie,bstannislawskij8@home.pl
694,Karine,kbarthelmesj9@multiply.com
695,Giorgia,gkowalja@oaic.gov.au
696,Ansel,apiatkowskijb@mapy.cz
697,Clemens,cgribbinjc@ycombinator.com
698,Elisabet,epeermanjd@bing.com
699,Banky,bstairje@fotki.com
700,Noella,nlarticejf@bandcamp.com
701,Yanaton,yparsalljg@amazon.co.uk
702,Alina,acrowdjh@si.edu
703,Melodie,mevinsji@cbsnews.com
704,Allis,afrodshamjj@qq.com
705,Derward,dpelzjk@ucoz.com
706,Doti,dcollingdonjl@timesonline.co.uk
707,Freddie,figlesiazjm@skyrock.com
708,Pier,pmacyjn@tripadvisor.com
709,Ailsun,afaulojo@guardian.co.uk
710,Sandye,savramchikjp@ow.ly
711,Reinhold,rleflochjq@smugmug.com
712,Noelyn,nwhitingjr@nature.com
713,Ambrose,aleedaljs@slashdot.org
714,Kamila,kshrimptonjt@cisco.com
715,Petronilla,pjandourekju@homestead.com
716,Ashby,aromandjv@csmonitor.com
717,Rozella,rdonawayjw@thetimes.co.uk
718,Ikey,iallmarkjx@theatlantic.com
719,Herman,horrocksjy@skyrock.com
720,Aluino,alightbournjz@statcounter.com
721,Avictor,aklauerk0@ustream.tv
722,Kanya,khaackerk1@cnet.com
723,Nollie,nocurranek2@github.com
724,Pren,padgerk3@tiny.cc
725,Candis,cstaddonk4@opensource.org
726,Randie,rnorgank5@addthis.com
727,Ahmed,adottrellk6@addtoany.com
728,Leonore,lgauchierk7@examiner.com
729,Opalina,otelfordk8@nsw.gov.au
730,Una,uhosierk9@archive.org
731,Kristy,kromaka@shinystat.com
732,Marieann,mchateaukb@noaa.gov
733,Ray,rwissbeykc@techcrunch.com
734,Zoe,zwoehlerkd@timesonline.co.uk
735,Cristen,cmatthesiuske@technorati.com
736,Robinson,rbenekf@multiply.com
737,Ely,ecrickmorekg@xinhuanet.com
738,Quinlan,qkenyonkh@google.ca
739,Merissa,mnorcockki@wired.com
740,Charisse,ctwiggerkj@geocities.com
741,Cassandre,cpedrollokk@last.fm
742,Saundra,srahlofkl@multiply.com
743,Eddie,ebosquetkm@usgs.gov
744,D'arcy,dheffernankn@smugmug.com
745,Gray,gwalbrunko@parallels.com
746,Taryn,tpetersenkp@zdnet.com
747,Rora,rtrehearnekq@ow.ly
748,Paula,pchristoffekr@bravesites.com
749,Mickie,mcreasyks@arizona.edu
750,Rogerio,rlimpertzkt@myspace.com
751,Georgie,ggordgeku@opera.com
752,Adria,achamberlainkv@dot.gov
753,Brandais,bblumsonkw@archive.org
754,Jorry,jmocquerkx@ebay.com
755,Michal,mlindroky@mashable.com
756,Kerri,kglencrosskz@bing.com
757,Parker,pcoxheadl0@sakura.ne.jp
758,Salaidh,scrosettil1@cnbc.com
759,Fax,fsidneyl2@fda.gov
760,Bax,bblazynskil3@over-blog.com
761,Guillema,gannonl4@tripod.com
762,Cecil,cavramovicl5@gizmodo.com
763,Lyda,ldunstonel6@squidoo.com
764,Vergil,vmccreel7@gmpg.org
765,Sherman,sjeannotl8@cpanel.net
766,Tobe,tbrockiel9@ibm.com
767,Hayden,hmacgillivrayla@feedburner.com
768,El,efollisslb@edublogs.org
769,Belinda,bkennewelllc@github.com
770,Colleen,chargreaveld@businessweek.com
771,Willyt,wlogsdalele@wikispaces.com
772,Lanie,ldaicelf@google.nl
773,Demetria,dpiggenslg@cam.ac.uk
774,Emmit,erushbrooklh@parallels.com
775,Margret,mdorreli@cyberchimps.com
776,Sol,sgravenalllj@twitter.com
777,Melva,mtasselerlk@friendfeed.com
778,Sheffie,skelloughll@samsung.com
779,Rik,rmcelweelm@geocities.jp
780,Woody,wbrunnenln@ovh.net
781,Evelina,eboiklo@themeforest.net
782,Christel,cvenninglp@amazon.de
783,Mic,mbangerlq@webeden.co.uk
784,Lucas,lcasseldinelr@umn.edu
785,Eugenio,emcindrewls@cnn.com
786,Robby,rsiderfinlt@sciencedirect.com
787,Stephana,sgramerlu@biglobe.ne.jp
788,Alon,athundermanlv@virginia.edu
789,Dyann,dlurrimanlw@macromedia.com
790,Boot,bduseylx@twitter.com
791,Pat,ppaddisonly@chronoengine.com
792,Anett,anellieslz@ucoz.com
793,Roseline,rknoxm0@reverbnation.com
794,Arabela,asthillm1@princeton.edu
795,Millisent,mbucklem2@bloomberg.com
796,Prudy,plotsm3@census.gov
797,Sascha,sfarresm4@guardian.co.uk
798,Ettore,etejerom5@slate.com
799,Bennett,bpearmainm6@washingtonpost.com
800,Shepard,ssatem7@stanford.edu
801,Matthieu,myurmanovevm8@bigcartel.com
802,Erroll,eseersm9@samsung.com
803,Moises,mpionterma@yahoo.co.jp
804,Viole,vdonnersbergmb@cpanel.net
805,Jackelyn,jortsmc@disqus.com
806,Teena,tjamarymd@rambler.ru
807,Meghan,mprovestme@e-recht24.de
808,Lian,lbouchiermf@google.com.hk
809,Bambie,bnorthinmg@microsoft.com
810,Clerkclaude,cklimschakmh@1688.com
811,Adele,asmalcombemi@archive.org
812,Griswold,gcausbeymj@freewebs.com
813,Ker,kschaumakermk@cnet.com
814,Mandie,mserckml@acquirethisname.com
815,Ashley,athomassetmm@chicagotribune.com
816,Rog,rmogenotmn@livejournal.com
817,Candy,cgabbitismo@columbia.edu
818,Brittan,bhobbingmp@so-net.ne.jp
819,Trudey,teyckelmq@cbsnews.com
820,Vanna,vcopomr@joomla.org
821,Noe,nkippingms@cisco.com
822,Teador,telfordmt@disqus.com
823,Mechelle,mratleymu@bloomberg.com
824,Wilmette,wmackrillmv@bigcartel.com
825,Douglas,dverbruggenmw@barnesandnoble.com
826,Alayne,aabrahamowitczmx@edublogs.org
827,Katine,kkittlemy@salon.com
828,Mikel,mharrollmz@cornell.edu
829,Amalle,apicknettn0@va.gov
830,Gay,gstoakn1@goo.gl
831,Margy,mdudleyn2@toplist.cz
832,Dietrich,dmctaguen3@yahoo.co.jp
833,Crin,cvanhallen4@bigcartel.com
834,Jaquenette,jjuggingn5@google.com.hk
835,Kacy,kcreern6@chicagotribune.com
836,Jaquith,jlattosn7@t-online.de
837,Emma,ehammerbergn8@drupal.org
838,Francisca,fpedwelln9@wp.com
839,Angeli,adecourseyna@ning.com
840,Tracie,tcubbitnb@msn.com
841,Myrwyn,mportailnc@lulu.com
842,Perri,plauritzennd@themeforest.net
843,Lissa,lschulkinsne@cbc.ca
844,Harold,hviannf@acquirethisname.com
845,Gilly,gcallfng@bing.com
846,Gleda,gbluemannh@domainmarket.com
847,Min,mtuckleyni@acquirethisname.com
848,Kaye,kbainbriggenj@ocn.ne.jp
849,Maure,mmaccaffreynk@japanpost.jp
850,Brucie,bgamettnl@sina.com.cn
851,Atlanta,aduignannm@upenn.edu
852,Whitby,wmoxsonnn@nhs.uk
853,Adelheid,aspenderno@mapy.cz
854,Virginia,vcovenp@vkontakte.ru
855,Brok,bizkovitchnq@uol.com.br
856,Mirna,mrookledgenr@umn.edu
857,Pail,pbiddwellns@stanford.edu
858,Llywellyn,lbrownswordnt@princeton.edu
859,Niccolo,nwreathnu@addtoany.com
860,Ki,kgerlernv@mysql.com
861,Cristi,cbeggnw@ebay.com
862,Codie,cgressnx@apache.org
863,Evan,eremmerny@4shared.com
864,Blanca,bjeannaudnz@disqus.com
865,Carlina,cvarnamo0@icq.com
866,Aime,amutlowo1@taobao.com
867,Krisha,keykelboscho2@shutterfly.com
868,Steward,sgorcho3@craigslist.org
869,Sephira,salishonero4@spotify.com
870,Charyl,cwilmotto5@wufoo.com
871,Jere,jgisbyo6@acquirethisname.com
872,Guilbert,grandello7@gravatar.com
873,Fred,fcossentineo8@discuz.net
874,Bern,bdibiagio9@uol.com.br
875,Malynda,mironmongeroa@forbes.com
876,Petronille,pweddupob@china.com.cn
877,Yolande,yminsteroc@addtoany.com
878,Pip,ppartingtonod@usgs.gov
879,Eberto,edibbinoe@cnet.com
880,Emmalynn,ebeswetherickof@mozilla.org
881,Geri,groysonog@intel.com
882,Holmes,hbrinsonoh@hp.com
883,Wilfrid,wblenkhornoi@businessinsider.com
884,Byrom,bbodilloj@princeton.edu
885,Lazar,lalimanok@mit.edu
886,Charline,cziemol@house.gov
887,Normie,npinckstoneom@opera.com
888,Pall,preekson@businessweek.com
889,Emelyne,epeartreeoo@hostgator.com
890,Selby,smackimop@jigsy.com
891,Karyn,kyushkinoq@xinhuanet.com
892,Benedetto,bkeplingor@economist.com
893,Dov,dsaveallos@bandcamp.com
894,Yankee,ydennidgeot@biglobe.ne.jp
895,Ninon,nraiseou@adobe.com
896,Benny,bholberryov@ameblo.jp
897,Waylan,wphilipsow@google.de
898,Emmalee,eenockssonox@vimeo.com
899,Sosanna,soaklyoy@ask.com
900,Bard,bgisburnoz@slate.com
901,Hedvige,hstebbingp0@princeton.edu
902,Athene,adaishp1@delicious.com
903,Luce,lpargeterp2@twitter.com
904,Norrie,nhundalp3@globo.com
905,Daniele,dfaasp4@surveymonkey.com
906,Gerome,gtellettp5@apple.com
907,Wes,wgermanp6@umich.edu
908,Quinn,qmeadusp7@github.com
909,Reinaldos,rsharvillep8@360.cn
910,Alford,aletticep9@symantec.com
911,Christye,cstormouthpa@dyndns.org
912,Kamillah,kohickeypb@ucsd.edu
913,Kip,klangmaidpc@google.cn
914,Jennie,jchaplainpd@privacy.gov.au
915,Rik,rbaudainpe@harvard.edu
916,Tabby,tcysonpf@nhs.uk
917,Leoline,lboddymeadpg@google.es
918,Paloma,ppeytonph@barnesandnoble.com
919,Eustacia,elalorpi@yellowbook.com
920,Myrtie,mprobackpj@ebay.com
921,Lorin,lrenvoyspk@netvibes.com
922,Eachelle,ecaberapl@marketwatch.com
923,Wyndham,wgribblepm@barnesandnoble.com
924,Toiboid,tbabepn@google.it
925,Gwenora,gliepinspo@statcounter.com
926,Nicolis,nsanspp@free.fr
927,Basile,bbowtonpq@bing.com
928,Isidor,ichomiszewskipr@technorati.com
929,Andra,astoppardps@cbsnews.com
930,Pietro,pdonisept@intel.com
931,Joan,jnairnpu@edublogs.org
932,Betteanne,byeatespv@wikispaces.com
933,Irita,istickingspw@google.es
934,Lusa,lrizzettipx@purevolume.com
935,Harwilll,hstorrypy@sina.com.cn
936,Gail,gcaselpz@domainmarket.com
937,Alica,asmytheq0@storify.com
938,Torin,tdicksq1@mysql.com
939,Laurie,lgreigq2@ning.com
940,Miltie,mpicoppq3@is.gd
941,Blakelee,bkemmerq4@example.com
942,Weidar,wsoppettq5@skype.com
943,Aldous,acrushq6@ask.com
944,Cully,cwhicherq7@hibu.com
945,Angy,acrayq8@oaic.gov.au
946,Derry,dvurleyq9@drupal.org
947,Marieann,mcamlinqa@cornell.edu
948,Clim,crosenzveigqb@salon.com
949,Kennith,kbicknellqc@amazonaws.com
950,Gilli,gbaressqd@oakley.com
951,Shanna,sheymesqe@discuz.net
952,Kasey,klongoqf@histats.com
953,Anita,adukeqg@hp.com
954,Delly,dbreslinqh@ezinearticles.com
955,Dulsea,dzannettiqi@nifty.com
956,Aldis,ashermeqj@cpanel.net
957,Aguie,acrinageqk@europa.eu
958,Kippie,ksamuelql@house.gov
959,Jack,jesslementqm@bizjournals.com
960,Muire,mgartellqn@oakley.com
961,Leonard,lnassyqo@house.gov
962,Simonne,slempkeqp@freewebs.com
963,Christiano,ccassinqq@digg.com
964,Layla,loldqr@amazon.de
965,Shari,smchaleqs@ehow.com
966,Rhett,redridgeqt@networksolutions.com
967,Josephina,jlawlesqu@51.la
968,Wendy,wipplettqv@cnet.com
969,Concordia,cdugdaleqw@opensource.org
970,Kenon,kmahargqx@dailymail.co.uk
971,Burke,bkretchmerqy@behance.net
972,Granville,gstonehamqz@ibm.com
973,Hillier,hprichardr0@google.pl
974,Henrik,hdouthwaiter1@slate.com
975,Hal,hheliotr2@toplist.cz
976,Kellina,klowler3@reverbnation.com
977,Kamila,kleyburnr4@networkadvertising.org
978,Lida,lturfreyr5@marriott.com
979,Olenka,omeldonr6@wufoo.com
980,Roxie,rstovesr7@free.fr
981,Trixie,twoolertonr8@craigslist.org
982,Norah,nbaylyr9@netlog.com
983,Adrian,avasilyevskira@pbs.org
984,Romy,rsurmanrb@wix.com
985,Davita,dpancoastrc@pbs.org
986,Des,dmacgrathrd@cbc.ca
987,Norma,nmarshlandre@twitpic.com
988,Buddie,bmulberryrf@icio.us
989,Stepha,scrittalrg@odnoklassniki.ru
990,Zonnya,zangroverh@blogs.com
991,Martie,mmackriellri@army.mil
992,Clemens,cgravesonrj@wikispaces.com
993,Shel,scrooterk@samsung.com
994,Kristien,kpeadrl@shop-pro.jp
995,Tabbie,trendbaekrm@seesaa.net
996,Melanie,mwinscombrn@zimbio.com
997,Port,poertzenro@myspace.com
998,Teodora,ttinerp@soundcloud.com
999,Royce,rhastwallrq@epa.gov
1000,Viva,vkollatschrr@bloglovin.com
