1,Elit.ppt,5
2,LoremQuisqueUt.mov,1
3,Sed.jpeg,4
4,VolutpatEratQuisque.xls,6
5,Eleifend.avi,2
6,Curae.jpeg,1
7,MorbiNonQuam.mp3,2
8,TurpisEget.xls,2
9,NequeAenean.xls,5
10,MolestieHendrerit.xls,4
11,Arcu.tiff,4
12,MaecenasUtMassa.txt,2
13,NisiAt.mpeg,3
14,TristiqueFusce.tiff,4
15,SemMaurisLaoreet.mp3,3
16,MagnisDis.avi,6
17,NullamVarius.jpeg,4
18,PotentiNullamPorttitor.ppt,4
19,Odio.mp3,7
20,Gravida.pdf,7
21,EratVolutpat.avi,2
22,ConsequatLectusIn.avi,2
23,Nulla.pdf,6
24,MassaIdNisl.avi,3
25,Volutpat.png,7
26,Sed.avi,1
27,NecEuismodScelerisque.tiff,2
28,Est.avi,3
29,DignissimVestibulumVestibulum.txt,2
30,VelAugueVestibulum.gif,6
31,Ultricies.txt,7
32,AcNulla.xls,1
33,AmetTurpis.mp3,6
34,Mollis.avi,3
35,Eros.xls,3
36,FaucibusOrci.gif,5
37,Felis.tiff,4
38,VulputateVitae.ppt,5
39,AcEnim.avi,2
40,Elementum.xls,5
41,NequeAeneanAuctor.ppt,6
42,SuspendisseOrnare.jpeg,6
43,DonecPosuereMetus.mp3,5
44,MiInteger.ppt,3
45,LectusAliquam.ppt,7
46,AcDiam.gif,1
47,LuctusNec.xls,1
48,MiPedeMalesuada.xls,1
49,InQuam.doc,3
50,AmetNulla.mp3,4
51,EgetVulputateUt.png,7
52,ElementumIn.ppt,3
53,IdMassaId.png,2
54,Lacus.mp3,4
55,EnimLeo.mp3,6
56,SitAmetSapien.pdf,5
57,Quam.xls,5
58,Nisi.mp3,1
59,Quisque.avi,6
60,UrnaUt.doc,6
61,Posuere.ppt,1
62,VelNislDuis.avi,5
63,AtIpsum.avi,5
64,In.txt,1
65,Nunc.xls,6
66,Nonummy.mp3,1
67,Erat.xls,2
68,Massa.pdf,4
69,ConsequatVarius.avi,1
70,DuisMattisEgestas.txt,2
71,ConsequatDuiNec.ppt,6
72,EtUltrices.gif,2
73,Pellentesque.ppt,4
74,Tortor.ppt,3
75,AcEnim.avi,2
76,PedeJusto.jpeg,5
77,AmetNunc.xls,1
78,Commodo.ppt,6
79,Morbi.pdf,7
80,Leo.jpeg,3
81,Ut.jpeg,4
82,SapienCursusVestibulum.jpeg,4
83,VolutpatQuamPede.ppt,6
84,Convallis.avi,3
85,VestibulumVelitId.xls,1
86,MolestieLorem.ppt,2
87,Ante.avi,6
88,Augue.mp3,7
89,NibhIn.gif,2
90,CrasNonVelit.txt,6
91,FaucibusOrci.avi,2
92,SedAccumsanFelis.avi,5
93,ViverraPedeAc.tiff,7
94,Nullam.xls,4
95,Justo.gif,4
96,AmetCursus.xls,1
97,ConvallisTortorRisus.txt,3
98,EnimIn.png,5
99,NamUltricesLibero.pdf,1
100,LuctusUltriciesEu.xls,7
101,EratQuisque.mpeg,4
102,RutrumNequeAenean.pdf,3
103,Pellentesque.jpeg,4
104,At.mp3,6
105,EtUltrices.xls,5
106,Praesent.ppt,7
107,SuscipitA.ppt,4
108,Magna.xls,4
109,VelPedeMorbi.avi,5
110,AeneanFermentumDonec.xls,6
111,Nulla.xls,1
112,EstCongue.ppt,1
113,VestibulumAnte.ppt,7
114,Erat.ppt,3
115,NisiVulputateNonummy.avi,1
116,QuisJusto.tiff,3
117,TempusSemperEst.tiff,1
118,NullaSuspendissePotenti.gif,3
119,Donec.ppt,6
120,Bibendum.ppt,3
121,RidiculusMusEtiam.tiff,2
122,RidiculusMusEtiam.avi,4
123,EtTempus.txt,2
124,Faucibus.avi,7
125,TellusNisiEu.txt,1
126,AtVulputateVitae.pdf,6
127,Consequat.ppt,5
128,VelitVivamusVel.avi,1
129,DisParturientMontes.ppt,5
130,DuiVelNisl.jpeg,4
131,Ut.ppt,2
132,VivamusVelNulla.mp3,7
133,Elementum.ppt,3
134,InCongue.ppt,6
135,OrciLuctusEt.ppt,2
136,MagnaAtNunc.xls,4
137,DolorVel.ppt,4
138,ElementumInHac.doc,3
139,ConvallisNulla.mp3,5
140,Phasellus.mp3,1
141,MaecenasTristiqueEst.mp3,1
142,Nisi.png,4
143,Eget.mp3,6
144,UrnaUt.tiff,3
145,Pharetra.xls,7
146,NasceturRidiculus.png,4
147,InPorttitor.mp3,3
148,QuamAOdio.xls,2
149,ImperdietNullam.mp3,7
150,SuspendissePotenti.mp3,1
151,VestibulumVelit.mp3,6
152,Vel.ppt,3
153,LectusPellentesque.xls,5
154,HabitassePlatea.xls,3
155,NullaSedAccumsan.mp3,6
156,DapibusDuis.ppt,2
157,IaculisJusto.tiff,3
158,OrciMauris.mov,5
159,EratIdMauris.mov,7
160,Rhoncus.xls,5
161,Purus.ppt,5
162,IaculisJusto.ppt,6
163,AliquamAugueQuam.avi,2
164,MassaVolutpat.tiff,7
165,Duis.avi,7
166,PraesentId.jpeg,1
167,AccumsanOdioCurabitur.mov,5
168,Dapibus.avi,7
169,PotentiCrasIn.xls,4
170,Quam.tiff,1
171,ConvallisDuisConsequat.ppt,2
172,Justo.xls,4
173,ErosViverra.ppt,7
174,NullaEget.pdf,7
175,VestibulumAnteIpsum.png,6
176,IdNullaUltrices.png,6
177,PedeUllamcorperAugue.mp3,2
178,InterdumEu.ppt,1
179,MorbiVelLectus.mp3,4
180,LobortisLigula.png,4
181,CondimentumIdLuctus.mp3,7
182,DuiProinLeo.txt,5
183,QuisOrci.avi,1
184,Ac.ppt,1
185,Tellus.mp3,3
186,Consequat.mpeg,4
187,NonLectus.ppt,5
188,VestibulumAcEst.mp3,6
189,MolestieHendrerit.tiff,4
190,BlanditUltrices.jpeg,3
191,NibhLigulaNec.xls,4
192,Elit.ppt,6
193,SitAmet.jpeg,7
194,Nam.mp3,1
195,TempusSit.xls,3
196,EuTincidunt.mov,1
197,Magnis.mp3,6
198,MorbiAIpsum.ppt,3
199,Id.ppt,6
200,QuisOdio.doc,7
201,ViverraEget.png,3
202,AliquetUltricesErat.gif,2
203,Ac.txt,6
204,PharetraMagnaVestibulum.avi,3
205,Nibh.mov,7
206,PosuereCubiliaCurae.tiff,1
207,In.mp3,5
208,PraesentBlandit.txt,1
209,MorbiNonQuam.tiff,3
210,GravidaSem.pdf,6
211,Ut.ppt,2
212,Vitae.xls,3
213,ConsectetuerAdipiscing.mp3,4
214,Purus.mp3,4
215,SociisNatoquePenatibus.avi,2
216,PulvinarSed.mp3,7
217,SitAmet.txt,3
218,EgestasMetus.avi,3
219,Maecenas.mp3,4
220,AliquamLacus.ppt,3
221,Vel.jpeg,2
222,QuamSapien.ppt,7
223,SapienIaculisCongue.xls,2
224,RisusPraesentLectus.gif,4
225,AliquamNonMauris.jpeg,3
226,ConvallisNullaNeque.txt,5
227,AliquamErat.avi,5
228,AtIpsum.avi,3
229,TellusNulla.jpeg,4
230,InAnte.jpeg,2
231,DiamIn.mp3,2
232,Ultrices.avi,2
233,PellentesqueUltrices.avi,3
234,NullamOrciPede.jpeg,6
235,SitAmet.txt,6
236,Aenean.ppt,5
237,At.ppt,5
238,FaucibusOrci.jpeg,4
239,InLibero.tiff,1
240,Nibh.tiff,4
241,EuInterdum.mp3,5
242,VariusUt.ppt,1
243,NonummyInteger.png,3
244,NullaSuspendissePotenti.jpeg,6
245,CubiliaCuraeMauris.avi,7
246,Potenti.png,3
247,Et.avi,3
248,Semper.ppt,5
249,PellentesqueUltrices.avi,5
250,DiamId.png,2
251,Massa.ppt,7
252,OdioPorttitorId.mov,6
253,Faucibus.ppt,6
254,DolorVel.xls,5
255,FelisSedLacus.avi,5
256,CondimentumId.ppt,4
257,Donec.tiff,5
258,Sodales.mp3,6
259,PellentesqueEget.tiff,3
260,NullaMollis.doc,2
261,IdSapien.png,3
262,AliquamAugueQuam.xls,3
263,SitAmetConsectetuer.mp3,3
264,Vivamus.mp3,2
265,PotentiCrasIn.ppt,6
266,Eu.tiff,1
267,TortorDuis.jpeg,7
268,MagnaAtNunc.txt,1
269,DapibusAtDiam.ppt,6
270,MattisEgestas.tiff,2
271,IntegerANibh.ppt,3
272,Odio.mp3,7
273,NullamSit.tiff,7
274,JustoSollicitudin.mpeg,1
275,IdTurpisInteger.avi,1
276,NatoquePenatibusEt.png,2
277,Quam.ppt,2
278,NonInterdumIn.mov,4
279,DapibusNulla.avi,7
280,NisiNamUltrices.doc,3
281,Non.gif,5
282,FaucibusAccumsan.xls,4
283,JustoSitAmet.jpeg,3
284,ProinEuMi.ppt,6
285,SapienPlacerat.xls,2
286,NullaTellus.mov,7
287,Sed.txt,5
288,Sapien.avi,4
289,UltriciesEuNibh.avi,2
290,Imperdiet.tiff,4
291,SemFusce.jpeg,6
292,PharetraMagnaAc.mp3,7
293,Nunc.avi,2
294,NullaEget.avi,7
295,InSapien.mpeg,1
296,JustoMorbiUt.jpeg,5
297,SitAmet.avi,1
298,Rhoncus.avi,3
299,CongueEgetSemper.xls,3
300,LuctusUltriciesEu.txt,6
301,Eros.png,7
302,Magna.mp3,6
303,VenenatisTristiqueFusce.xls,4
304,DonecQuisOrci.xls,1
305,QuisTurpisSed.mpeg,1
306,CurabiturInLibero.mpeg,3
307,AccumsanTellusNisi.doc,3
308,Rutrum.xls,5
309,PretiumIaculisDiam.avi,1
310,VenenatisTristiqueFusce.mpeg,5
311,VestibulumVelit.tiff,1
312,TurpisEnim.gif,3
313,Eu.txt,4
314,UtNunc.xls,1
315,UtUltrices.doc,7
316,In.jpeg,7
317,Faucibus.gif,7
318,NibhIn.mp3,6
319,PellentesqueVolutpatDui.xls,1
320,Sit.mpeg,6
321,PretiumIaculis.mp3,5
322,UtSuscipitA.ppt,1
323,PortaVolutpat.xls,2
324,OdioDonecVitae.mp3,4
325,Lacinia.avi,2
326,InFaucibusOrci.ppt,7
327,Amet.mp3,4
328,CurabiturInLibero.mp3,3
329,DiamNequeVestibulum.xls,4
330,SitAmetEleifend.xls,6
331,ConvallisDuisConsequat.xls,4
332,ElementumEuInterdum.ppt,3
333,Vestibulum.jpeg,4
334,Condimentum.avi,4
335,Blandit.jpeg,1
336,Posuere.avi,1
337,ElementumPellentesque.doc,5
338,ConvallisMorbiOdio.xls,7
339,SedTincidunt.txt,3
340,VestibulumVestibulum.pdf,3
341,Gravida.xls,3
342,ElitProin.gif,6
343,RisusDapibusAugue.doc,5
344,Praesent.tiff,6
345,NislDuisAc.png,6
346,Habitasse.ppt,5
347,Eu.ppt,3
348,NonMattisPulvinar.mp3,5
349,TortorIdNulla.xls,4
350,Turpis.avi,3
351,TortorEuPede.png,7
352,NuncProin.tiff,3
353,UltricesPhasellus.tiff,6
354,Blandit.ppt,3
355,EgetNunc.xls,3
356,VenenatisTristique.xls,2
357,LoremIpsum.doc,1
358,Nulla.mp3,7
359,Nulla.tiff,1
360,Auctor.txt,6
361,PedeVenenatis.xls,7
362,Ultrices.jpeg,7
363,PurusAliquet.avi,2
364,AtVelitVivamus.ppt,3
365,Pulvinar.ppt,5
366,SedTristique.avi,3
367,Nulla.png,6
368,LaciniaEratVestibulum.mov,2
369,SemFusceConsequat.png,6
370,QuamPede.ppt,2
371,ArcuLibero.xls,6
372,VulputateNonummyMaecenas.xls,6
373,PedeJustoLacinia.mp3,1
374,Accumsan.xls,5
375,UtNulla.mp3,5
376,Massa.mpeg,2
377,InBlandit.avi,7
378,OdioCondimentum.mpeg,2
379,SitAmet.xls,7
380,MaurisUllamcorper.mp3,1
381,AliquamLacus.mp3,7
382,EratQuisqueErat.mp3,6
383,ConsequatVarius.avi,6
384,Purus.pdf,5
385,Faucibus.doc,3
386,Platea.mp3,6
387,NullamVarius.xls,6
388,SapienSapienNon.jpeg,6
389,SemMauris.ppt,6
390,UtNunc.xls,6
391,IdLobortisConvallis.tiff,2
392,Magna.xls,6
393,VestibulumVelitId.avi,6
394,AcLeo.xls,3
395,Massa.doc,3
396,SemperPortaVolutpat.mp3,5
397,Eget.avi,7
398,Dictumst.jpeg,4
399,FelisFusce.tiff,3
400,QuisLectusSuspendisse.ppt,1
401,Non.jpeg,3
402,AeneanFermentumDonec.jpeg,5
403,Primis.mov,4
404,Felis.tiff,6
405,PortaVolutpatErat.avi,7
406,EgetEros.xls,1
407,Augue.mp3,4
408,OrciMaurisLacinia.mpeg,2
409,MassaQuis.xls,5
410,FelisUtAt.jpeg,4
411,NullaDapibus.xls,1
412,AcEst.mov,1
413,Quam.ppt,6
414,Vestibulum.avi,2
415,LacusCurabitur.png,5
416,Aliquet.png,4
417,AtTurpis.ppt,3
418,MaecenasTristique.mp3,6
419,HacHabitassePlatea.xls,2
420,AtVulputateVitae.xls,3
421,MattisNibhLigula.gif,6
422,AcNibh.avi,2
423,IdTurpis.mp3,2
424,EstLaciniaNisi.ppt,6
425,Vestibulum.pdf,2
426,VestibulumVestibulum.xls,2
427,Quis.ppt,3
428,PedeJustoEu.ppt,2
429,Amet.mp3,1
430,LaciniaNisiVenenatis.jpeg,1
431,VenenatisNonSodales.xls,2
432,Cursus.avi,7
433,TemporConvallis.xls,4
434,AtTurpisDonec.mp3,2
435,PellentesqueViverraPede.mp3,4
436,VolutpatInCongue.tiff,6
437,Consectetuer.tiff,3
438,MiNullaAc.gif,4
439,Consequat.doc,2
440,AcEstLacinia.mp3,2
441,Vel.jpeg,1
442,Nunc.xls,5
443,SedVestibulum.ppt,4
444,AtVelit.png,4
445,QuamNec.xls,3
446,Quis.xls,4
447,Congue.doc,7
448,Tellus.avi,3
449,Proin.gif,5
450,VitaeIpsum.ppt,4
451,Ac.tiff,6
452,QuamSollicitudin.xls,4
453,Nec.doc,5
454,SuspendissePotenti.tiff,6
455,NibhInHac.xls,4
456,Quam.mov,5
457,QuamA.tiff,2
458,AtDiam.xls,3
459,PharetraMagnaVestibulum.xls,5
460,Eu.xls,2
461,AccumsanOdioCurabitur.gif,4
462,PedeLiberoQuis.jpeg,6
463,Nam.gif,3
464,PotentiCrasIn.avi,3
465,BibendumMorbi.xls,2
466,UtRhoncusAliquet.avi,6
467,EuMagna.ppt,2
468,PellentesqueAt.ppt,3
469,MolestieLorem.xls,3
470,Ullamcorper.tiff,5
471,DiamEratFermentum.tiff,3
472,Pharetra.mp3,5
473,ViverraDapibus.txt,3
474,NislNunc.xls,1
475,VestibulumAnteIpsum.png,1
476,Eget.mp3,5
477,Viverra.mp3,1
478,ASuscipit.jpeg,6
479,Justo.jpeg,5
480,MaurisLaoreetUt.tiff,7
481,AccumsanFelis.tiff,1
482,Vel.mov,3
483,Tempor.xls,2
484,NecNisi.mp3,6
485,NuncDonecQuis.tiff,3
486,EuInterdumEu.mp3,1
487,In.xls,6
488,MetusArcuAdipiscing.mp3,5
489,Magnis.mov,7
490,Et.tiff,5
491,Eu.txt,1
492,Nulla.png,5
493,LobortisEstPhasellus.avi,4
494,Sed.jpeg,5
495,FacilisiCrasNon.xls,5
496,Lorem.jpeg,7
497,BibendumImperdietNullam.pdf,6
498,Ac.ppt,4
499,MassaDonec.avi,1
500,CurabiturGravidaNisi.txt,1
501,Velit.ppt,1
502,Porttitor.xls,2
503,Potenti.avi,2
504,CongueDiamId.jpeg,3
505,AugueQuam.tiff,7
506,TinciduntEget.avi,3
507,VestibulumSitAmet.xls,6
508,TellusNulla.avi,4
509,UtBlanditNon.mp3,1
510,InFaucibusOrci.xls,6
511,SemSed.avi,2
512,Quam.jpeg,3
513,RutrumAtLorem.jpeg,1
514,LobortisVel.ppt,4
515,AliquamQuisTurpis.xls,5
516,Vitae.avi,5
517,DiamNeque.avi,6
518,DolorQuis.jpeg,5
519,PlateaDictumst.ppt,4
520,NullaTempusVivamus.doc,4
521,DictumstMaecenas.ppt,1
522,AliquetUltrices.ppt,7
523,InLibero.mp3,2
524,MaecenasTristique.mp3,1
525,ALibero.tiff,4
526,Sociis.jpeg,5
527,Luctus.ppt,5
528,AugueVestibulumAnte.tiff,1
529,MaecenasLeo.avi,3
530,MollisMolestieLorem.mp3,6
531,MaurisViverraDiam.ppt,5
532,PretiumIaculisJusto.avi,6
533,SollicitudinMiSit.xls,7
534,Pede.tiff,5
535,Consequat.xls,2
536,PraesentBlanditNam.mp3,5
537,ConsectetuerAdipiscing.gif,5
538,TellusSemper.avi,6
539,MollisMolestie.mp3,7
540,LectusPellentesque.xls,2
541,VitaeQuam.jpeg,1
542,Orci.jpeg,2
543,LigulaPellentesque.ppt,1
544,QuisOrciEget.mp3,6
545,LaciniaSapien.doc,2
546,LigulaPellentesqueUltrices.txt,1
547,IdNulla.jpeg,2
548,EgetEleifend.xls,6
549,InSapien.xls,1
550,PotentiNullamPorttitor.xls,4
551,Congue.mov,6
552,TellusNulla.avi,7
553,NullaNislNunc.ppt,3
554,EuSapienCursus.xls,6
555,TortorSollicitudin.txt,6
556,UltriciesEu.avi,3
557,EtiamFaucibus.gif,4
558,EstDonec.png,6
559,DictumstMorbi.xls,3
560,LaciniaEratVestibulum.png,2
561,DonecVitae.xls,2
562,FermentumDonec.xls,7
563,AliquetAtFeugiat.mpeg,3
564,IpsumPrimisIn.avi,3
565,LoremVitae.avi,7
566,Morbi.doc,5
567,MetusSapien.mp3,2
568,AccumsanTortorQuis.ppt,5
569,FelisFusce.avi,2
570,SollicitudinMiSit.xls,2
571,Volutpat.mov,2
572,VelAugue.tiff,2
573,Eget.avi,7
574,SedVel.xls,1
575,OrciMauris.mp3,4
576,SedLacus.tiff,1
577,NequeAenean.avi,7
578,OrnareConsequatLectus.ppt,2
579,AccumsanFelis.mp3,4
580,NequeLibero.mp3,2
581,IntegerAc.pdf,6
582,LaciniaSapien.avi,6
583,NasceturRidiculusMus.avi,2
584,ProinRisus.avi,7
585,EtErosVestibulum.txt,7
586,ViverraEgetCongue.jpeg,5
587,VolutpatSapienArcu.mp3,2
588,UtUltricesVel.ppt,6
589,Ipsum.avi,1
590,DuisAt.ppt,3
591,Phasellus.avi,1
592,InBlandit.tiff,5
593,FacilisiCras.pdf,2
594,ConvallisMorbiOdio.mp3,1
595,Consequat.mp3,7
596,DuiNec.xls,6
597,PurusEu.png,3
598,Metus.xls,7
599,Nam.jpeg,2
600,SitAmetNulla.mpeg,3
601,OrciLuctusEt.jpeg,3
602,VulputateJusto.ppt,2
603,RisusPraesent.mov,5
604,AliquamErat.jpeg,2
605,Nulla.mp3,4
606,SedVestibulumSit.xls,4
607,ElementumLigula.ppt,4
608,Nibh.ppt,7
609,LacusAt.xls,6
610,EuEst.avi,2
611,MaecenasTinciduntLacus.avi,2
612,IdMaurisVulputate.avi,5
613,RutrumNullaNunc.avi,4
614,Integer.mpeg,2
615,RidiculusMusVivamus.txt,7
616,UllamcorperAugue.ppt,5
617,PretiumQuis.tiff,5
618,Ac.mpeg,6
619,Elementum.mp3,1
620,IaculisCongueVivamus.avi,3
621,Vestibulum.tiff,4
622,Luctus.avi,5
623,PosuereCubiliaCurae.txt,1
624,MorbiPorttitor.ppt,7
625,PellentesqueUltricesMattis.avi,5
626,Nulla.mpeg,4
627,NislAenean.txt,4
628,QuisLibero.ppt,7
629,LiberoNullamSit.gif,3
630,LectusVestibulum.tiff,4
631,In.tiff,5
632,Nisl.pdf,2
633,Nulla.tiff,5
634,MolestieSed.mp3,5
635,NonQuamNec.doc,2
636,Id.pdf,4
637,At.tiff,2
638,InHacHabitasse.pdf,5
639,Cras.png,3
640,ErosVestibulum.mp3,4
641,CongueDiam.jpeg,7
642,DonecVitae.xls,5
643,Pulvinar.mpeg,7
644,Proin.ppt,6
645,NamNulla.tiff,3
646,Duis.ppt,5
647,Lobortis.xls,3
648,FelisEuSapien.jpeg,1
649,VestibulumSit.xls,3
650,PlateaDictumst.ppt,7
651,CondimentumIdLuctus.tiff,1
652,RidiculusMusEtiam.png,6
653,DonecPharetraMagna.avi,2
654,MaecenasLeoOdio.avi,6
655,TempusSemper.tiff,7
656,PraesentBlanditLacinia.mpeg,6
657,MaurisLacinia.xls,6
658,SemperPorta.xls,2
659,EleifendLuctusUltricies.tiff,6
660,MaurisEget.xls,6
661,Semper.mp3,7
662,LaoreetUtRhoncus.ppt,1
663,EgetNuncDonec.mp3,3
664,LiberoNam.xls,2
665,Sit.mp3,2
666,NecNisiVulputate.pdf,6
667,Convallis.mp3,6
668,UtErat.mp3,2
669,Libero.avi,1
670,AccumsanTellus.xls,3
671,InSagittis.txt,4
672,Sed.ppt,2
673,AcTellus.gif,1
674,Tellus.avi,4
675,NamTristiqueTortor.mp3,2
676,Libero.mp3,5
677,Ornare.xls,5
678,Turpis.txt,5
679,Tellus.avi,7
680,Ante.xls,3
681,Aliquet.mov,4
682,QuisqueArcuLibero.ppt,2
683,PosuereNonummyInteger.xls,6
684,LeoRhoncusSed.avi,4
685,Enim.pdf,1
686,JustoNec.avi,3
687,Penatibus.xls,1
688,SemFusceConsequat.gif,5
689,QuisTurpisSed.ppt,4
690,At.xls,1
691,Erat.png,3
692,ViverraEget.mp3,2
693,TurpisEgetElit.mp3,2
694,Augue.xls,4
695,SedInterdumVenenatis.pdf,4
696,MattisEgestasMetus.gif,6
697,Ante.ppt,4
698,Sapien.txt,3
699,ArcuAdipiscing.xls,5
700,NullaSuscipit.mp3,3
701,Erat.avi,2
702,RutrumAcLobortis.mp3,4
703,NislAenean.mp3,6
704,VenenatisTurpis.avi,3
705,ConsequatUt.ppt,1
706,NullaMollisMolestie.ppt,5
707,Ipsum.tiff,1
708,CuraeMaurisViverra.jpeg,7
709,PurusPhasellus.tiff,7
710,Dolor.ppt,3
711,AcTellusSemper.avi,5
712,IpsumInteger.ppt,6
713,Sed.xls,1
714,CondimentumNeque.mov,6
715,TempusSemper.pdf,4
716,Non.pdf,4
717,Ultrices.mpeg,1
718,EuTincidunt.doc,6
719,ArcuAdipiscingMolestie.xls,5
720,Natoque.ppt,4
721,Massa.tiff,4
722,UtNullaSed.avi,7
723,DonecPosuere.mp3,3
724,Lobortis.mpeg,6
725,NuncNislDuis.mov,4
726,Ipsum.doc,6
727,Dictumst.pdf,7
728,IntegerPede.mov,3
729,Sociis.mpeg,5
730,EuMassaDonec.pdf,5
731,ElementumEu.ppt,2
732,Sapien.ppt,7
733,DuiMaecenas.avi,2
734,NatoquePenatibus.mpeg,5
735,RutrumNulla.jpeg,3
736,MorbiQuisTortor.xls,7
737,DonecDapibus.avi,4
738,LigulaNec.mp3,6
739,Leo.doc,1
740,TurpisA.doc,6
741,AccumsanOdioCurabitur.ppt,6
742,NuncNisl.jpeg,1
743,OdioCurabitur.doc,4
744,EleifendLuctusUltricies.gif,5
745,Id.ppt,3
746,Vestibulum.doc,2
747,EratNullaTempus.ppt,5
748,JustoMaecenas.avi,6
749,Morbi.tiff,5
750,NullaElit.mp3,6
751,NislUtVolutpat.jpeg,6
752,LobortisEst.jpeg,5
753,Lobortis.gif,5
754,LobortisVelDapibus.xls,5
755,Ac.xls,3
756,IpsumDolorSit.avi,2
757,VestibulumRutrum.txt,5
758,FelisDonec.xls,6
759,Fringilla.mp3,7
760,Aliquam.jpeg,6
761,AdipiscingLorem.xls,7
762,SuscipitNullaElit.mp3,4
763,ElementumEu.xls,6
764,FaucibusOrci.mov,7
765,Nulla.tiff,6
766,Enim.avi,1
767,AugueVestibulumAnte.pdf,6
768,Aliquet.mp3,5
769,VelEst.mp3,4
770,HabitassePlatea.pdf,1
771,CrasMiPede.gif,3
772,VestibulumAnteIpsum.ppt,2
773,Nam.ppt,3
774,AdipiscingLoremVitae.mp3,5
775,Sem.doc,6
776,LobortisVel.avi,4
777,UltricesPosuereCubilia.pdf,6
778,FermentumJustoNec.jpeg,4
779,MaurisEnimLeo.mp3,4
780,At.mp3,4
781,VelitId.txt,7
782,Blandit.mpeg,5
783,Nam.mp3,7
784,LacusMorbiSem.mp3,6
785,Interdum.gif,3
786,Est.mpeg,5
787,Praesent.mp3,5
788,EgetNunc.xls,5
789,Eu.png,1
790,MassaDonec.jpeg,2
791,Ut.mov,6
792,VolutpatQuam.jpeg,2
793,HabitassePlateaDictumst.xls,7
794,FusceConsequat.txt,3
795,Lorem.tiff,7
796,VestibulumVelit.ppt,1
797,AtDolorQuis.ppt,3
798,AtNunc.ppt,2
799,ScelerisqueMaurisSit.gif,4
800,Proin.xls,4
801,NisiAt.tiff,4
802,LiberoNamDui.gif,5
803,CommodoPlacerat.tiff,3
804,NuncProin.gif,3
805,SitAmet.avi,3
806,DiamCras.mp3,5
807,Ante.pdf,4
808,EratNullaTempus.xls,6
809,Lobortis.ppt,3
810,Ut.tiff,3
811,NequeLiberoConvallis.xls,2
812,Ultrices.tiff,1
813,MorbiNonLectus.mov,7
814,SuscipitLigulaIn.tiff,6
815,Nam.ppt,4
816,Velit.gif,4
817,BibendumFelis.mp3,5
818,SitAmet.txt,2
819,EstRisusAuctor.xls,6
820,Ut.xls,3
821,SitAmet.png,3
822,Sit.avi,5
823,Faucibus.pdf,4
824,ConsequatVariusInteger.mp3,7
825,InConsequatUt.ppt,1
826,Phasellus.mp3,5
827,NamCongueRisus.png,2
828,Ultrices.xls,3
829,Nulla.avi,3
830,In.xls,2
831,LuctusRutrumNulla.avi,3
832,VelEnimSit.avi,4
833,SemDuisAliquam.pdf,7
834,PorttitorId.txt,7
835,TurpisDonec.doc,6
836,MolestieLoremQuisque.tiff,4
837,CongueVivamusMetus.mov,7
838,Donec.avi,3
839,Blandit.mp3,5
840,JustoIn.xls,3
841,AnteVel.avi,4
842,CommodoVulputateJusto.mp3,1
843,Non.xls,7
844,MagnisDisParturient.avi,1
845,InBlandit.pdf,2
846,Sit.ppt,2
847,AtIpsumAc.tiff,1
848,Sagittis.txt,3
849,NecSem.jpeg,7
850,In.ppt,4
851,MassaVolutpatConvallis.ppt,2
852,Sit.mp3,1
853,DuiVel.ppt,5
854,AmetErat.xls,2
855,JustoSollicitudinUt.mp3,2
856,CondimentumCurabiturIn.mp3,3
857,ScelerisqueQuamTurpis.mov,7
858,Quisque.mp3,3
859,FaucibusOrciLuctus.tiff,4
860,CongueDiam.avi,7
861,EratEros.mp3,4
862,Sed.xls,7
863,Faucibus.gif,3
864,MaecenasTristiqueEst.tiff,1
865,Velit.png,7
866,Phasellus.ppt,2
867,InTemporTurpis.ppt,6
868,LeoOdio.mpeg,6
869,Nisl.mpeg,2
870,VestibulumProin.jpeg,2
871,PulvinarNulla.pdf,1
872,Enim.ppt,1
873,LigulaNecSem.xls,3
874,VivamusVestibulumSagittis.xls,2
875,AugueVestibulum.xls,2
876,VenenatisNon.avi,5
877,SagittisDuiVel.xls,1
878,AmetDiamIn.avi,6
879,Quis.ppt,1
880,SagittisSapienCum.tiff,4
881,UtNullaSed.mp3,3
882,PretiumQuis.ppt,3
883,Amet.jpeg,6
884,SemSedSagittis.mp3,6
885,AcNibh.avi,7
886,AliquetMaecenas.mp3,6
887,FaucibusOrciLuctus.ppt,4
888,Id.avi,3
889,RisusSemper.png,5
890,Dapibus.ppt,6
891,NequeVestibulumEget.txt,5
892,MassaId.mp3,4
893,IdLigula.txt,5
894,Enim.avi,7
895,Proin.xls,1
896,Quis.ppt,4
897,Velit.pdf,1
898,VitaeIpsum.avi,2
899,Sed.ppt,1
900,NecNisi.jpeg,4
901,Ut.mp3,1
902,VehiculaCondimentumCurabitur.png,1
903,NequeLiberoConvallis.ppt,1
904,HacHabitassePlatea.doc,7
905,Suscipit.xls,5
906,PrimisInFaucibus.avi,5
907,Suspendisse.jpeg,3
908,NisiAt.avi,3
909,Nulla.txt,4
910,Luctus.mp3,6
911,VariusInteger.tiff,7
912,Potenti.tiff,1
913,Id.ppt,4
914,BibendumImperdiet.ppt,2
915,VenenatisLacinia.txt,7
916,DiamInMagna.txt,1
917,IdLuctusNec.xls,6
918,NullaUtErat.tiff,6
919,AmetSemFusce.xls,5
920,FermentumJusto.ppt,2
921,JustoInBlandit.ppt,1
922,QuisTortor.avi,3
923,NislAenean.avi,5
924,Sollicitudin.mp3,4
925,TortorRisusDapibus.mpeg,3
926,FermentumJusto.mp3,4
927,DonecPharetra.avi,3
928,ElementumNullam.ppt,7
929,At.mp3,2
930,FusceConsequatNulla.ppt,6
931,LuctusNec.avi,6
932,DolorQuisOdio.doc,7
933,Augue.avi,4
934,NislDuis.xls,3
935,SollicitudinUtSuscipit.mp3,1
936,OrnareImperdiet.avi,2
937,NibhIn.doc,3
938,TemporTurpisNec.jpeg,6
939,VulputateLuctus.tiff,2
940,Nec.ppt,5
941,AdipiscingLorem.mp3,3
942,Et.mp3,2
943,Ipsum.ppt,7
944,InPorttitor.gif,1
945,EtMagnisDis.mp3,2
946,EstEtTempus.ppt,1
947,BlanditUltrices.xls,2
948,UltricesPosuereCubilia.png,5
949,CongueDiam.mp3,7
950,Velit.avi,1
951,NuncDonec.mp3,7
952,InQuamFringilla.avi,2
953,DuisFaucibus.png,3
954,Penatibus.tiff,1
955,Quis.png,5
956,Eu.pdf,4
957,LaoreetUt.tiff,5
958,Montes.mov,5
959,Morbi.doc,2
960,VelIpsum.xls,4
961,VolutpatConvallisMorbi.avi,1
962,Nibh.tiff,5
963,PellentesqueViverra.ppt,1
964,LacusCurabiturAt.ppt,2
965,Nulla.mp3,1
966,InterdumMauris.xls,1
967,GravidaSemPraesent.mp3,3
968,LaoreetUtRhoncus.png,7
969,Suspendisse.doc,6
970,NullaIntegerPede.ppt,4
971,NullaAc.mp3,3
972,Odio.mp3,4
973,Etiam.avi,3
974,LuctusCum.tiff,5
975,Sit.avi,3
976,NecSem.ppt,3
977,CursusUrnaUt.avi,7
978,SedSagittisNam.avi,3
979,NislNuncNisl.avi,6
980,MolestieHendrerit.xls,2
981,MiInPorttitor.ppt,6
982,LacusPurusAliquet.avi,7
983,Gravida.mp3,1
984,MorbiA.mp3,1
985,UltricesPosuere.xls,7
986,Risus.avi,1
987,BlanditMi.mov,4
988,VestibulumSagittis.xls,2
989,Morbi.mp3,5
990,UtBlandit.mp3,3
991,Amet.txt,7
992,DictumstMorbi.tiff,6
993,In.ppt,2
994,ProinEu.avi,7
995,Neque.mov,4
996,Felis.ppt,6
997,PorttitorPede.ppt,2
998,PosuereCubiliaCurae.ppt,3
999,Curae.avi,5
1000,Mattis.ppt,2
