1,Sara,Portable Hammock
2,Katrinka,Garlic Herb Seasoning
3,Christoph,Protein Powder
4,Dody,Tomato Sauce
5,Giustino,LED Desk Lamp
6,Terra,Wireless Mouse
7,Freemon,Belted Trench Coat
8,Dara,Chickpea Flour
9,Karlan,Oven Mitts
10,Ludovico,DIY Lip Balm Kit
11,Esteban,Pumpkin Spice Creamer
12,Gabbey,Organic Cucumber
13,Sidnee,Portable Pet Stroller
14,Lowell,Rice Pudding
15,Verna,Granola
16,Gauthier,Cauliflower Pizza Crust
17,Harmonia,Fleece Lined Leggings
18,Ethelin,Decorative Throw Blanket
19,Fern,Chic Ankle Strap Heels
20,Abbye,Cranberry Orange Juice
21,Chiquia,Gardening Tool Belt
22,Beverley,Pumpkin Spice Creamer
23,Martie,Wireless HDMI Transmitter
24,Lonni,Granola Bars
25,Grete,Electric Razor
26,Carmelita,Smoked Paprika Chicken Thighs
27,Marilin,Organic Coconut Oil
28,Ly,Pet Travel Backpack Carrier
29,Davidde,Animal Paw Print Soap Dispenser
30,Paloma,Classic Baseball Cap
31,Rici,Weighted Jump Rope with Counter
32,Sharleen,Electric Razor
33,Cammie,Paprika
34,Ada,Adjustable Laptop Desk
35,Jenny,Yoga Mat Carrier
36,Gabbi,Honey Garlic Sauce
37,Leupold,Sports Water Bottle with Infuser
38,Madelon,Classic Pumps
39,Randolf,Peach Fruit Cups
40,Cleveland,Sweet Potato Chips
41,Federico,Hibiscus Herbal Tea
42,Karlee,Lemon Herb Quinoa
43,Diahann,Breezy Off-The-Shoulder Top
44,Blythe,Portable Electric Fan
45,Josh,Savory Quinoa Pudding
46,Vale,Portable Massage Table
47,Bryce,Homestyle Beef Stew
48,Aldin,Portable Charger with Solar Panel
49,Annamarie,Multi-Cooker
50,Loren,Chocolate Chip Pancake Mix
51,Selie,Snack Container Set
52,Hedwig,Cabbage
53,Mill,Adjustable Height Standing Desk Converter
54,Veradis,Smartphone Projector
55,Candace,Classic Caesar Dressing
56,Dredi,Eco-Friendly Yoga Mat
57,Sal,Beard Grooming Kit
58,Lucina,Bamboo Toothbrush Holder
59,Gregory,Cranberry Almond Biscotti
60,Lane,Vacuum Sealer Machine
61,Blinnie,Caramel Apple Chips
62,Boony,Apple Sauce
63,Bernadina,Pasta Salad Kit
64,Anthiathia,Maple Almond Granola
65,Petr,Sporty Leggings
66,Stewart,LED Canopy Lights
67,Fayina,Hiking Boots
68,Alvie,Herb Drying Rack
69,Linnell,Spicy Italian Sausage
70,Olivier,Frozen Spinach
71,Delia,Avocado Lime Dressing
72,Gwenore,Apple Cinnamon Breakfast Muffins
73,Kara,Self-Adhesive Wallpaper
74,Humfrid,Silicone Baking Mat Set
75,Hildegarde,Pistachio Ice Cream
76,Salomi,Nut Butter Cups
77,Lynnet,Blueberry Muffin Mix
78,Darrick,Balsamic Vinaigrette
79,Sonny,Kale Chips
80,Dorolice,Vegan Mac & Cheese
81,Melamie,Portable Hammock
82,Natale,Tuna Fish (canned)
83,Halie,Wireless Music Receiver
84,Drugi,Sea Salt Caramel Popcorn
85,Beniamino,Sporty Cap
86,Dmitri,Cilantro Lime Rice
87,Timothea,Frozen Fruit Medley
88,Elonore,Siphon Coffee Maker
89,Aharon,Outdoor Adventure Kit
90,Bernard,Artisan Flatbreads
91,Dulsea,Party Mini Dress
92,Melli,Air Fryer Oven
93,Giusto,Collapsible Colander
94,Enrica,Solar String Lights
95,Rog,Cinnamon Roll Dough
96,Marice,Classic Cheesecake Mix
97,Jaquelin,Pet Water Bottle
98,Friedrick,Solar Charger
99,Jeanelle,Digital Food Scale
100,Arleen,Pet Bed
101,Veriee,Blueberry Chia Jam
102,Velvet,Biodegradable Phone Case
103,Bren,Travel Shoe Bags Set
104,Brandais,Garden Tool Set with Carrying Bag
105,Yanaton,Truffle Parmesan Fries
106,Valencia,Classic Leather Wallet
107,Fayre,Grilled Veggie Burgers
108,Desiri,LED Desk Light
109,Ole,Multi-Port USB Hub
110,Tadio,High-Pressure Handheld Shower Head
111,Tan,Electric Kettle with Temperature Control
112,Lorrie,Hand Mixer
113,Katharine,Blueberry Chia Jam
114,Rosmunda,Pistachios
115,Guss,Frozen Pizza
116,Silas,Bluetooth Headphones
117,Kalvin,Dish Soap Dispenser
118,Theodoric,Ice Cream
119,Stanislas,Buffalo Chicken Wraps
120,Roi,Almond Flour Pizza Crust
121,Duane,Kids Tablet
122,Pietra,Multi-Function Smartphone Holder
123,Ferdinand,Reusable Snack Bags
124,Lucius,Honey Ginger Tea
125,Joycelin,Breathable Face Mask Set
126,Willetta,Beach Cover-Up
127,Alina,Electric Pressure Cooker
128,Carrol,Sriracha Hot Chili Sauce
129,Liz,Chocolate Chip Muffins
130,Georgy,Lemon Garlic Shrimp
131,Abbie,Homemade Salsa
132,Kristel,Magnetic Puzzle Board
133,Eloise,Coconut Oil
134,Amitie,Hiking Water Bottle with Filter
135,Chick,Pet Waterer with Filtration
136,Lynna,Pet Hair Vacuum Attachment
137,Jimmie,Ice Cream Maker
138,Axe,Karaoke Microphone
139,Tabbi,Wall-Mounted Organizer
140,Torin,Chicken Breasts
141,Billye,Telescope
142,Elana,Portable Camping Stove
143,Elton,Portable Hammock
144,Judie,Compact Dishwasher
145,Lind,Adjustable Skipping Rope
146,Casper,Pet Hair Remover
147,Ruperta,Dish Rack
148,Sam,LED Christmas Lights
149,Aldous,Digital Thermostat
150,Arlinda,Coconut Flakes
151,Cozmo,Chicken Sausage
152,Madalena,Vegan Cheese
153,Kissee,Portable Folding Picnic Table
154,Adoree,Bamboo Cutting Board
155,Morissa,Chickpeas
156,Hans,Baby Safety Corner Guards
157,Had,Lemon Dill Salmon
158,Peder,Teriyaki Beef Strips
159,Kaela,Travel Shoe Bags Set
160,Willamina,Cauliflower Crust Pizza
161,Barney,Reflective Safety Vest
162,Malia,Chocolate Fudge Brownie Mix
163,Swen,Handmade Leather Wallet
164,Merrie,Portable Pet Stroller
165,Cornell,Organic Whole Grain Oats
166,Deloria,Hydration Backpack
167,Byrle,Rainbow Veggie Chips
168,Llewellyn,Multi-Cooker
169,Rea,Peach Mango Smoothie Mix
170,Neil,Pet Waterer with Filtration
171,Vasily,Lemon Herb Quinoa
172,Angelica,Chocolate Coconut Granola
173,Malanie,Teriyaki Tofu Stir-Fry
174,Kippy,Home Cleaning Robot
175,Honor,Italian Breadsticks
176,Dorella,Personalized Keychain
177,Rick,Beef Stroganoff Meal Kit
178,Jania,Smartphone Car Mount with Wireless Charging
179,Harri,Cranberry Almond Biscotti
180,Scarlett,Zesty Garlic Marinade
181,Kaja,Vegan Chickpea Salad
182,Rudd,Organic Granola
183,Gerhard,Coconut Cream Pie Mix
184,Elva,Organic Quinoa
185,Enrichetta,Granola Cereal
186,Glen,Wall-Mounted Bookshelf
187,Rene,Handheld Vacuum
188,Johny,Silicone Baking Cups
189,Wiley,Roasted Garlic Aioli
190,Blondie,Digital Kitchen Timer
191,Ingaborg,Homestyle Beef Stew
192,Melodie,Italian Herb Balsamic Marinade
193,Rudolfo,Banana Chips
194,Rozanne,Quinoa
195,Cindee,Bamboo Charcoal Air Purifier Bags
196,Ardelia,Lentil Vegetable Stew
197,Romona,Adjustable Standing Desk
198,Bil,Savory Oats
199,Jacki,Vegetable Fried Rice Mix
200,Glyn,Personal Blender with Travel Cup
201,Kent,Italian Sausage Links
202,Nerty,Margherita Pizza
203,Galvin,Yoga Mat Carrier
204,Lorilee,Computer Monitor Stand
205,Lorri,Bamboo Charcoal Air Purifier Bags
206,Heinrick,Silicone Baking Cups
207,Kayne,Inspirational Wall Art
208,Niven,Body Wash
209,Violante,Kids' Craft Supplies Set
210,Lurleen,LED Christmas Lights
211,Muffin,Frozen Acai Bowl
212,Lorne,Magnetic Spice Jars
213,Andris,Cauliflower Gnocchi
214,Marinna,Deep Tissue Massage Gun
215,Ruddie,Foot Massager Machine
216,Irvine,Wall Planner
217,Sibelle,Almond Flour Biscuits
218,Myron,Asian Stir-Fry Vegetables
219,Jackelyn,Classic Black Dress
220,Kali,Lemon Lime Sparkling Water
221,Helene,Sustainable Wooden Toys
222,Harmonia,Saffron Rice Mix
223,Bat,Cinnamon Roll Protein Bar
224,Mabelle,Gingerbread House Kit
225,Darci,Sliced Olives
226,Nert,Eggs (dozen)
227,Thekla,Homestyle Beef Stew
228,Britteny,Cranberry Orange Juice
229,Dev,Luxury Bathrobe
230,Deck,Brussels Sprouts
231,Kaylyn,Vegetable Chips
232,Rani,Sweet Potato Fries
233,Emilia,Compact Shoe Rack
234,Henrieta,Mini Cordless Vacuum Cleaner
235,Pauly,Savory Quinoa Pudding
236,Hyacinthe,Pet Carrier
237,Jodee,Chocolate Syrup
238,Say,Peach Slices in Syrup
239,Luelle,Couscous Mix
240,Evie,Cotton Quilted Throw Blanket
241,Sig,Almond Flour
242,Gilligan,Avocado Lime Dressing
243,Thane,Classic Minestrone Soup
244,Ashely,Vegetable Potstickers
245,Elonore,Sunglasses Case
246,Ed,Chili Powder
247,Andras,Italian Herb Balsamic Marinade
248,Jannel,Bluetooth Tracker
249,Josefa,Colorful Post-It Notes Set
250,Trent,Basmati Rice
251,Harmonie,Non-Stick Crepe Pan
252,Marissa,Wild Rice & Quinoa Mix
253,Valerie,Organic Coconut Sugar
254,Terrell,Chickpea Salad Deluxe
255,Saw,Indestructible Dog Toy
256,Nelli,Non-Stick Grill Pan
257,Ezri,Frozen Edamame
258,Nikos,Spicy Italian Sausage
259,Horatius,Field Journal
260,Adena,Portable Solar Generator
261,Lawton,Travel Mug with Leak-Proof Lid
262,Bar,Electric Knife
263,Fred,Plant-Based Protein Bars
264,Lanette,Coconut Oil Spray
265,Zenia,Gardening Fairy Figurines
266,Saxe,Wireless Printer
267,Clement,Car Windshield Sun Shade
268,Vale,Rice Cakes
269,Claudetta,Hibiscus Herbal Tea
270,Roosevelt,Digital Kitchen Timer
271,Toma,Sous Vide Cooker
272,Bendix,Herb Garlic Butter
273,Koren,Noise Reduction Headphones
274,Euphemia,Coconut Oil Spray
275,Ariel,Black Bean Soup
276,Rosabelle,Lentil Pasta
277,Diane,Sea Salt Caramel Popcorn
278,Florinda,Bluetooth Sleep Headphones
279,Leesa,Sweet Potato and Chickpea Bowl
280,Clayborn,Spicy Hummus
281,Lenee,Electric Blanket
282,Cori,Bamboo Charcoal Air Purifier Bags
283,Georgette,Smoky BBQ Jackfruit
284,Lind,Vegetable Quinoa Bowl
285,Clyde,Wall-Mounted Bookshelf
286,Grant,Manual Coffee Grinder
287,Timmy,Gardening Kneeler and Seat
288,Valentine,Chocolate Hazelnut Granola
289,Amii,Smart Water Bottle
290,Ricardo,Pumpkin Ice Cream
291,Willow,Smartwatch
292,Beale,Sliced Bell Peppers
293,Broddy,Sunglasses Case
294,Caddric,Eggs (dozen)
295,Vanya,Lemon Herb Grilled Chicken
296,Levey,Body Pillow Case
297,Gena,Coconut Milk Ice Cream
298,Addie,Oven Mitts with Pocket
299,Ashleigh,Brazil Nuts
300,Jobye,Almond Milk Yogurt
301,Janette,Portable Air Pump
302,Chevalier,Natural Fruit Snacks
303,Will,Handmade Soap Making Kit
304,Christophe,Whole Wheat Bread
305,Charlean,LED Desk Lamp with USB Charging
306,Christalle,Pet Tracking Collar
307,Tibold,Dog Training Clicker
308,Gale,High-Speed HDMI Cable
309,Junie,Electric Meat Grinder
310,Daren,Sesame Ginger Dressing
311,Gennie,LED Canopy Lights
312,Hunter,Plant Pot Drip Trays
313,Rhett,Canvas High-Top Sneakers
314,Odie,Pasta (Fusilli)
315,Khalil,Non-Stick Grill Pan
316,Dame,LED Makeup Mirror
317,Francklin,Peanut Butter Banana Smoothie
318,Denni,Spicy Hummus
319,Julietta,Beef Enchilada Casserole
320,Ermin,Compact Folding Table
321,Moss,Cereal Dispenser with Portion Control
322,Franklyn,Kids' Building Blocks
323,Rickie,Chocolate Hazelnut Spread
324,Cheri,Cranberry Orange Oatmeal
325,Bess,Insulated Lunch Box
326,Nevil,Garlic Herb Grilled Chicken
327,Rad,Classic Bagels
328,Godart,Garlic Parmesan Roasted Potatoes
329,Maurizio,Portable Folding Picnic Table
330,Skell,Maple Cinnamon Granola
331,Farrell,Stuffed Peppers with Quinoa
332,Ricoriki,Faux Fur Coat
333,Edithe,Raspberry Limeade
334,Feliks,Cotton Pajama Set
335,Blanche,Herbed Mushroom Risotto
336,Gauthier,Pumpkin Puree
337,Yancy,Portable Massage Table
338,Dana,Toy Building Set
339,Aidan,French Bread
340,Eric,Yoga Mat Carrier
341,Tammi,Chocolate Covered Pretzels
342,Fan,Vegetarian Stuffed Peppers
343,Job,Spicy Italian Sausage
344,Morris,Outdoor Camping Hammock
345,Jacinta,Bamboo Toothbrush Holder
346,Udale,Chocolate Chip Energy Balls
347,Rosalie,Organic Black Bean Burger
348,Parsifal,Organic Coconut Sugar
349,Cristina,Foldable Yoga Mat Carry Bag
350,Rhetta,Dried Apricots
351,Marchall,Cacao Powder
352,Margareta,Apple Cinnamon Breakfast Muffins
353,Tootsie,Pumpkin Ice Cream
354,Marten,Fruit and Nut Bars
355,Lydie,Smartwatch
356,Ruth,Infrared Space Heater
357,Maryellen,Dog Walking Waist Pack
358,Carmel,Pumpkin Pancake Mix
359,Cathryn,Vanilla Almond Granola
360,Kevon,Silicone Baking Cups
361,Nikoletta,Italian Sausage and Peppers
362,Aldon,Frozen Spinach
363,Gabbi,Collapsible Pet Dog Bowl
364,Vivienne,Bamboo Toothbrush
365,Mame,Sun Protection Clothing
366,Alena,Pet Safety Harness
367,Kacy,Couscous Mix
368,Brook,Magnetic Phone Case
369,Malinde,Pressure Washer Accessories Kit
370,Tish,Fruit and Nut Medley
371,Grazia,Foam Roller for Muscle Recovery
372,Natalina,High-Quality Yoga Mat
373,Angie,Coconut Bowls Set
374,Madlin,Beet Salad
375,Clair,Smart WiFi Plug
376,Terrill,Spicy Thai Noodles
377,Bathsheba,Whole Wheat Pasta
378,Parnell,Smart Doorbell
379,Truman,Ceramic Planter Set
380,Idalina,Personal Blender with Travel Cup
381,Susan,Personalized Keychain
382,Evania,Baby Safety Corner Guards
383,Audie,Maple Pecan Granola
384,Gabriella,Chocolate Dipped Fruit
385,Georas,Ice Pack
386,Ardis,Crispy Tofu Bites
387,Robbin,Caramel Apple Chips
388,Weber,Mini Projector
389,Ange,Smoked Paprika Chicken Thighs
390,Cozmo,Kids' Art Easel
391,Sheppard,Quinoa Salad
392,Gray,Gardening Fairy Figurines
393,Mathilda,High-Top Leather Boots
394,Gary,Buffalo Wing Sauce
395,Gelya,Caramelized Onion Dip
396,Bari,Two-Tier Fruit Basket
397,Camella,Wildflower Honey
398,Joella,Feta Cheese Crumbles
399,Etti,Bluetooth Sleep Headphones
400,Tanitansy,Baked Falafel Balls
401,Charmane,Interchangeable Watch Bands
402,Uriah,Instant Camera
403,Isador,Handmade Soap Making Kit
404,Ethe,Training Soccer Ball
405,Donal,Electronic Drum Kit
406,Giulio,Heated Throw Blanket
407,Moss,Mesh Laundry Bags Set
408,Casper,LED Christmas Lights
409,Walden,Peas (frozen)
410,Lesley,Cajun Seasoning
411,Amory,Salsa
412,Hilary,Spaghetti and Meatball Dinner Kit
413,Simmonds,Sliced Ham
414,Torre,Camping Lantern
415,Albie,Pumpkin Seeds
416,Krista,Pretzel Bites
417,Mallory,Multifunctional Baby Bottle Warmer
418,Shena,Faux Fur Throw Blanket
419,Marion,Folding Backpack Chair
420,Lauree,Solar Power Bank
421,Enid,Jennifer's Amazing Lip Balm Kit
422,Aube,Golf Putting Green
423,Roma,Sriracha Chili Sauce
424,Bancroft,Glass Tea Pot
425,Ros,Cordless Water Flosser
426,Thorny,Lemon Herb Quinoa
427,Dallis,Sweet Potato Noodles
428,Morly,Decorative LED Neon Sign
429,Goddard,Eco-Friendly Stainless Steel Straws
430,Nathanil,Fitness Tracker with Heart Rate Monitor
431,Rolph,Cinnamon Roll Protein Bar
432,Jami,Brownie Bites
433,Elenore,Raspberry Lemonade Mix
434,Sheelagh,Casual Cropped Sweater
435,Elnore,Peach Green Tea
436,Ricard,Almond Butter Crunch Bar
437,Onfroi,Smart Thermostat with Wi-Fi
438,Diane,Fitness Resistance Bands
439,Paige,Magnetic Spice Containers
440,Rhea,Garam Masala Spice Blend
441,Kaela,Cucumber Relish
442,Terese,Travel Mug
443,Cordula,Cucumber Relish
444,Clim,Gaming Headset
445,Molly,Classic BBQ Sauce
446,Corissa,Coffee Maker
447,Clemmy,Tomatillo Salsa
448,Rip,Customizable Name Plate
449,Shea,Ethical Wool Scarf
450,Tadd,Coffee Capsule Dispenser
451,Slade,Coconut Cream Pie Yogurt
452,Weidar,Fitbit Activity Tracker
453,Colly,Outdoor Mosquito Repellent Lantern
454,Viole,Basil Lemonade
455,Sebastian,Wine Decanter
456,Allsun,Ice Cube Tray with Lid
457,Wendi,Dog Collar
458,Betty,Tactical Backpack
459,Bondon,Chocolate Coconut Protein Balls
460,Asia,Vegetable Quinoa Bowl
461,Hayyim,Rice Pilaf Mix
462,Dawn,Coconut Milk Yogurt
463,Madlin,Air Mattress
464,Paquito,Customizable Name Puzzle
465,Buddie,Yoga Mat
466,Roscoe,Garlic Herb Cream Cheese
467,Ingunna,Chili Lime Shrimp
468,Willi,Vegan Tacos
469,Valeria,Italian Marinara Sauce
470,Olly,Tailgating Set
471,Melly,Almond Flour
472,Cornall,Pumpkin Waffles
473,Costa,Mini Food Processor
474,Charleen,Coconut Curry Lentil Soup
475,Jennifer,Summer Tank Dress
476,Marcella,Pumpkin Spice Muffins
477,Nevil,Kids' Outdoor Explorer Kit
478,Issiah,Chocolate Peanut Butter Cups
479,Bertrando,Organic Italian Seasoning
480,Staford,Garlic Butter Shrimp
481,Shalne,Lightweight Workout Tank
482,Kristo,Homestyle Beef Stew
483,Siward,Beach Cover-Up
484,Hastings,Instant Mashed Potatoes
485,Tabbi,Tortilla Chips
486,Honor,Garden Tool Set with Carrying Bag
487,Genni,Fresh Cilantro
488,Bernadene,Chili Lime Shrimp
489,Cletis,Crispy Potato Tots
490,Andrej,Stuffed Bell Peppers
491,Deborah,Smoked Salmon
492,Joshua,Crispy Potato Tots
493,Tami,Sunglasses
494,Ali,Portable Camping Shower
495,Nara,Pet Hair Remover
496,Regina,Herbal Tea Sampler Box
497,Allyn,Children's Gardening Set
498,Decca,Maple Pecan Oatmeal Cookies
499,Cliff,Chocolate Avocado Pudding
500,Delphinia,Garden Tool Set
501,Ardella,Luxury Rolling Makeup Case
502,Ashlee,Magnet Travel Fridge Magnets
503,Fairleigh,Margherita Pizza
504,Hermie,Sweetened Condensed Milk
505,Tabb,Vegetable Medley
506,Carolin,Warm Knit Beanie
507,Casper,3D Night Light
508,Karlotte,Golf Polo Shirt
509,Neils,High-Quality Yoga Mat
510,Zared,Self-Cleaning Cat Litter Box
511,Ritchie,Puzzle
512,Heall,Fruit & Nut Trail Mix
513,Ruggiero,Sweet Chili Sauce
514,Gothart,Chocolate Chip Pancake Mix
515,Anneliese,Lemon Herb Chicken
516,Franklyn,Customizable Wall Calendar
517,Babbie,Almond Flour Pizza Crust
518,Gabie,Beef Taco Skillet
519,Jelene,Electric Skillet
520,Christi,V-Neck Sweater
521,Doralin,Coconut Cream Pie
522,Lauraine,Multifunctional Baby Bottle Warmer
523,Thorsten,Sesame Seeds
524,Flo,Folding Exercise Bike
525,Myriam,Smart Fitness Scale
526,Mariele,Avocado Oil Mayo
527,Flora,Stuffed Grape Leaves
528,Eloisa,Herbal Garden Starter Kit
529,Clyde,Organic Fruit Salad
530,Melva,Cranberry Citrus Sauce
531,Kevan,Digital Kitchen Timer
532,Corbie,Digital Meat Thermometer
533,Elisabeth,LED Flashlight with Rechargeable Batteries
534,Forrest,Foam Roller for Muscle Recovery
535,Fonzie,Beet Salad
536,Ileane,Lemon Lime Sparkling Water
537,Vern,Sweet Pea Hummus
538,Pieter,Cucumber Relish
539,Alanah,Juice Extractor
540,Rafaello,Insulated Coffee Mug
541,Ermentrude,Brussels Sprouts
542,Felix,Pork Chops
543,Tilly,Waterproof Rain Boots
544,Katleen,A-Line Skirt
545,Geoff,Granola Bars
546,Cordie,Ramen Noodles
547,Wildon,Balsamic Vinegar
548,Kathie,Ceramic Planter Set
549,Farris,Casual Cropped Sweater
550,Reinold,Strawberry Fruit Spread
551,Maxine,Silicone Wine Glasses
552,Becca,Outdoor Folding Table
553,Frannie,Portable Campfire
554,Timothea,Cold Brew Coffee Maker
555,Louie,Couscous
556,Penny,Canned Coconut Milk
557,Giacopo,Vanilla Pudding Mix
558,Zorah,Almond Flour Bread Mix
559,Killian,Elderberry Syrup
560,Peyter,Veggie Lovers Pizza
561,Garrik,Magnetic Phone Case
562,Kendricks,Travel Organizer
563,Fons,Whole Roasted Chicken
564,Brennan,Heart-Shaped Baking Molds
565,Stacia,Coconut Chia Seed Pudding
566,Helenka,Adjustable Pet Grooming Table
567,Patience,Red Lentils
568,Michelina,Mango Chunks
569,Yorgos,Pasta (Fusilli)
570,Osbert,Garden Vegetable Chips
571,Cody,Children's Educational Puzzle
572,Sharron,Spiced Pumpkin Soup
573,Dodi,Luxury Bathrobe
574,Janet,Digital Camera
575,Sheri,Sturdy Bookends
576,Kirsti,French Bread
577,Melodee,Body Pillow Case
578,Rianon,Asian Stir-Fry Vegetables
579,Ronalda,Smoked Gouda Cheese
580,Early,Mini Air Purifier
581,Miquela,Pet Training Clicker
582,Lonnard,Home Cleaning Robot
583,Katheryn,Vegetable Fried Rice
584,Steffi,Chocolate Syrup
585,Koren,Fitness Tracker
586,Rossie,Mediterranean Chickpea Salad
587,Sybyl,Low-Fat Yogurt
588,Bartholomew,Roasted Red Pepper Dip
589,Ludovika,Halloween Decoration Set
590,Harp,Peach Slices in Syrup
591,Arnie,Travel Document Organizer
592,Lawton,Portable Phone Charger
593,Gill,Tailgating Set
594,Beatrice,Baby Safety Corner Guards
595,Fayre,Floral Summer Dress
596,Margarethe,Apple Juice
597,Bekki,Pretzel Bites
598,Karna,Stick Vacuums Cleaner
599,Grayce,Spicy Italian Sausage
600,Shanda,Canned Coconut Milk
601,Stephine,Flavored Instant Oatmeal
602,Korney,Ethical Wool Scarf
603,Blayne,Coconut Chia Seed Pudding
604,Isiahi,Pita Bread
605,Traver,Cold Brew Coffee Maker
606,Lyndsay,Wrap Front Midi Skirt
607,Antons,Electric Pressure Washer
608,Kalil,Wall-Mounted Bookshelf
609,Brigham,Blackberry Compote
610,Julio,Lentil Soup
611,Hermina,Ginger Turmeric Latte Mix
612,Paola,Almond Joy Munch Bars
613,Ricard,Comfortable Bed Pillow
614,Ettie,Magnetic Spice Jars
615,Darrelle,Slim Fit Chinos
616,Lucina,Blueberry Chia Jam
617,Jacklyn,Stuffed Grape Leaves
618,Meg,Aged White Cheddar Popcorn
619,Kristofor,Outdoor Inflatable Pool
620,Berty,Portable SSD
621,Hilliard,Camping Tarp
622,Kania,Guitar Tuner
623,Mordy,Ginger Tea
624,Wanids,Collapsible Colander
625,Kitty,Honey Ginger Tea
626,Camey,Organic Spinach
627,Kris,Puzzle Game Set
628,Avigdor,Frozen Berry Blend
629,Frank,Portable Solar Path Lights
630,Marcy,Cream Cheese
631,Ciro,Black Bean Spaghetti
632,Oliviero,Self-Watering Planters
633,Yvonne,Organic Quinoa Salad
634,Willy,Elegant Maxi Skirt
635,Ray,Sliced Cucumbers
636,Rois,Smart Doorbell
637,Brittani,Lemon Dill Chicken Skewers
638,Cull,Hibiscus Tea Bags
639,Annaliese,Electric Pressure Cooker
640,Barb,Pet Hair Vacuum Attachment
641,Jocelyne,Blackberry Compote
642,Clarey,Chili Garlic Sauce
643,Holly,Puzzle
644,Willy,Vegetarian Stir Fry Sauce
645,Ewen,Pesto Pasta Sauce
646,Renie,Fleece Hoodie
647,Brade,Camera Lens Cleaning Kit
648,Lillian,Dog Collar
649,Allina,Gardening Tools Set
650,Aldric,Electric Razor
651,Audrey,Car Trash Can
652,Dawn,Rice Pudding
653,Nanete,Terry Cloth Robe
654,Raffarty,Portable Bluetooth Keyboard
655,Rutger,Foldable Yoga Mat
656,Randolph,Wireless Earbuds Case
657,Broderick,Electric Butter Churn
658,Inez,Telescope
659,Oralee,Decorative LED Neon Sign
660,Kynthia,Antique Style Clock
661,Harley,Whisk Set
662,Rinaldo,Rolling Cooler
663,Finley,Casual Cropped Sweater
664,Theda,Automatic Pet Feeder
665,Nikolas,Chocolate Peanut Butter Cups
666,Alvie,Vegetable Fried Rice
667,Alphard,Roasted Sweet Corn
668,Tim,Almond Butter Crunch Bar
669,Addie,Pasta Primavera Kit
670,Dee,Mini Indoor Hydroponic Garden
671,Violante,Pet Hair Vacuum Attachment
672,Sasha,Honey Almond Granola Bars
673,Val,Instant Pot
674,Halley,Portable Camping Shower
675,Marci,Digital Thermostat
676,Moe,Peach Salsa
677,Willyt,Frozen Spinach
678,Winny,Magnetic Spice Containers
679,Wyndham,Personalized Pet ID Tags
680,Waverly,Buffalo Sauce
681,Luisa,Elderberry Syrup
682,Jacquenetta,Ramen Noodles
683,Marianne,Ready-to-Eat Chili
684,Goldia,Pet Grooming Glove
685,Nathan,Cheddar & Bacon Potato Skins
686,Fanni,Cable Knit Cardigan
687,Lauritz,Honey Butter Popcorn
688,Clemmy,Electric Can Opener
689,Quintina,Smartphone Photography Tripod
690,Grace,3D Night Light
691,Konstantin,Electric Toothbrush
692,Ludvig,Pear and Gorgonzola Salad
693,Ailbert,Wireless Keyboard and Mouse Combo
694,Liza,Herbed Couscous
695,Polly,Electric Pressure Cooker
696,Eileen,Multi-Port USB Hub
697,Wynne,Coconut Curry Lentil Soup
698,Dwayne,Personalized Keychain
699,Happy,Kids' Gardening Kit
700,Maxi,Scented Soy Candles
701,Netti,Plaid Flannel Shirt
702,Laurice,Handheld Shower Head
703,Bob,Honey Roasted Chickpeas
704,Marlena,Frozen Pizza
705,Christalle,Homestyle Chicken Noodle Soup
706,Perri,Interchangeable Watch Bands
707,Hermione,Travel Jewelry Organizer
708,Renaldo,Manual Coffee Grinder
709,Alasdair,Ice Cream Scoop
710,Page,Fishing Tackle Box
711,Simone,Mini Air Hockey Table
712,Tamera,Berry Smoothie Mix
713,Norrie,Pasta Primavera Kit
714,Mendie,LED Disco Ball Light
715,Georgeta,Pet Travel Bed
716,Cathyleen,Organic Sweet Potatoes
717,Hurlee,Scent Diffuser
718,Denna,Garlic Breadsticks
719,Washington,Honey Sesame Cashews
720,Rubetta,Portable SSD
721,Loraine,Bamboo Cutting Board
722,Denys,Almond Joy Munch Bars
723,Jeanelle,Camping Chair with Cooler
724,Arliene,Puzzle Game Set
725,Shurlock,Carrot Ginger Soup
726,Rafaello,Peanut Butter Protein Balls
727,Eleanora,Organic Sweet Potatoes
728,Briny,Pasta Maker
729,Ezekiel,Portable Hammock
730,Thedrick,Herbed Goat Cheese
731,Sam,Vegetable Stir-Fry Sauce
732,Delphine,Window A/C Unit
733,Genni,Maple Pecan Pancake Mix
734,Sergeant,Reversible Swimming Pool Lounger
735,Larina,Floral Wrap Top
736,Mikael,Organic Whole Grain Oats
737,Margie,Matcha Green Tea Powder
738,Eolande,Gardening Kneeler and Seat
739,Veronika,Almond Joy Protein Bars
740,Marcella,Garlic and Herb Cream Cheese
741,Giulietta,Pasta Portion Control Measure
742,Petr,Roasted Garlic Butter
743,Stevana,Pepperoni Pizza Rolls
744,Lurette,Electric Air Pump
745,Obed,Travel Luggage Scale
746,Taryn,Green Tea Matcha Powder
747,Dan,Handcrafted Wooden Coasters
748,Missy,Nail Polish Set
749,Moyra,Organic Spinach
750,Pauline,Mobile Workbench
751,Delphinia,Handmade Soap Making Kit
752,Aarika,Roasted Garlic Mashed Potatoes
753,Corabel,Kids' Outdoor Explorer Kit
754,Carter,Stylish Wireless Earbuds
755,Teressa,Acoustic Guitar
756,Candra,Miso Soup Mix
757,Jeddy,Curried Lentil Salad
758,Kellen,Vegetable Spiralizer
759,Giralda,Thai Coconut Curry Sauce
760,Guenna,Sliced Avocado
761,Ardra,Spaghetti and Meatball Dinner Kit
762,Dalston,Mini Projector
763,Thom,Avocado Lime Dressing
764,Malcolm,Cranberry Citrus Sauce
765,Stevie,Pumpkin Spice Creamer
766,Peri,Maple Glazed Carrots
767,Zia,Chocolate Raspberry Tart
768,Abba,Interchangeable Watch Bands
769,Fremont,Compressible Packing Cubes
770,Shermie,Peach Halves (canned)
771,Hendrika,Lemon Herb Chicken
772,Kaspar,Gardening Kneeler and Seat
773,Lock,Sliced Avocado
774,Phillie,Teriyaki Beef Jerky
775,Sebastiano,Whole Wheat Pita Bread
776,Flore,Dog Frisbee Toy
777,Adele,Stainless Steel Cutlery Set
778,Mohammed,Cranberry Citrus Sauce
779,Juieta,Green Smoothie Mix
780,Aluin,Sweet Pea Hummus
781,Olivier,Smart Doorbell
782,George,Sunglasses
783,Cleopatra,Portable Solar Camp Shower
784,Falkner,Picnic Blanket
785,Edgard,Sooji (Semolina)
786,Cele,Honey Sesame Cashews
787,Lyell,Watering Can with Nozzle
788,Mallory,LED Flashing Pet Collar
789,Leigh,Hand Mixer
790,Teodorico,Compact Hair Dryer
791,Demetris,Car Sunshade
792,Marthena,Smartphone UV Sanitizer
793,Adena,Smartphone Projector Kit
794,Malchy,Vegetable Stir-Fry Sauce
795,Joline,Roasted Red Pepper Dip
796,Olympe,Underwater Camera
797,Maximilian,Creamy Tomato Basil Soup
798,Jermayne,Sliced Cheese
799,Dalia,Lentil Soup (canned)
800,Ofilia,Creamy Garlic Dressing
801,Bruis,Stainless Steel Mixing Bowls
802,Dacia,Pet Safety Belt for Car
803,Kleon,Dog Collar
804,Granny,Eco-Friendly Beeswax Wraps
805,See,Suction Cup Hooks
806,Sabrina,Natural Soy Candles
807,Portia,Pet Travel Carrier
808,Hyacinthe,Smartphone Photography Tripod
809,Reinwald,Cabbage
810,Skelly,Pumpkin Spice Muffins
811,Parry,Garden Kneeler and Seat
812,Linn,Portable Refrigerator Freezer
813,Fifi,Chipotle Lime Salsa
814,Giorgia,Wi-Fi Enabled Smart Light Switch
815,Menard,Apple Cinnamon Instant Oatmeal
816,Meir,Motorcycle Phone Mount
817,Trula,Peach Slices in Syrup
818,Maynord,Portable Projector
819,Sari,Mesh Laundry Bags Set
820,Nara,Curried Lentil Salad
821,Rosmunda,Non-Stick Grill Pan
822,Lemmie,Adjustable Dumbbells
823,Catarina,Foot Massager Machine
824,Anya,Organic Honeycrisp Apples
825,Dinah,Almond Flour Biscuits
826,Theodor,Two-Tone Windbreaker
827,Nikolai,Garlic Breadsticks
828,Leigh,Mini Projector
829,Shelli,Solar Garden Lights
830,Maddie,Natural Peanut Butter
831,Ashlan,Californian Raisins
832,Gustavus,Sliced Strawberries
833,Percival,Bamboo Cotton Tank Top
834,Amelita,Chocolate Fudge Brownie Mix
835,Vitoria,Puzzle Game Set
836,Mira,Adjustable Height Standing Desk Converter
837,Jefferson,Frozen Berry Blend
838,Katrine,Car Vacuum Cleaner
839,Erny,Gingerbread House Kit
840,Kimbra,Peach Mango Smoothie Mix
841,Juieta,LED Strip Light Kit
842,Neill,Rainbow Veggie Chips
843,Elvira,Crispy Tofu Bites
844,Silvain,Kale Salad with Lemon Dressing
845,Brandea,Honeycrisp Apple Chips
846,Issy,Cocktail Shaker and Mixing Glass Set
847,Kania,Premium Flashlight
848,Gilly,Adjustable Resistance Bands
849,Cyrus,Chili Con Carne Mix
850,Benn,Organic Baby Carrots
851,Rafa,Window Bird Feeder
852,Nikki,Portable Air Purifier
853,Bobbee,Smartphone Car Mount with Wireless Charging
854,Timmy,Electric Pressure Washer
855,Astrid,Chili Lime Seasoning
856,Mason,Sourdough Bread
857,Terri,Incense Holder
858,Feliza,Sun-Dried Tomatoes
859,Gregoor,Men's Waterproof Hiking Boots
860,Aleen,Sushi Rice
861,Helaine,Outdoor Camping Hammock
862,Rosette,Hiking Water Bottle with Filter
863,Cynthie,Organic Lentil Soup
864,Tynan,Party Mini Dress
865,Damita,Golf Putting Green
866,Joella,Chocolate Chip Pancake Mix
867,Evie,Tuna Fish (canned)
868,Delcina,Kettle BBQ Grill
869,Obediah,Cauliflower Rice Stir-Fry
870,Clarey,Kettle Corn Popcorn
871,Flem,Plant-Based Meal Prep Containers
872,Jesus,Savory Oats
873,Joline,Pepperoni Pizza Roll-Ups
874,Vincent,Vegetarian Pizza
875,Ive,Chipotle Sauce
876,Casper,Barbecue Chicken Pizza
877,Ariella,Terry Cloth Robe
878,Roderick,Ethically-Sourced Coffee Beans
879,Keane,Wine Decanter
880,Marys,Whole Wheat Pasta
881,Rozanna,Magnetic Phone Car Mount
882,Caron,Wireless Earbud Silicone Covers
883,Chadwick,Dog Waste Bag Dispenser
884,Gustaf,Stick Vacuums Cleaner
885,Jarrid,BBQ Sauce
886,Elianore,Cherry Almond Protein Bar
887,Melodie,Car Windshield Sun Shade
888,Dunn,Slim Wallet
889,Dun,Classic Caesar Salad Kit
890,Lenora,Mini Indoor Hydroponic Garden
891,Antonin,Car Vacuum Cleaner
892,Brit,Garlic Butter Shrimp
893,Latrina,Pine Nuts
894,Trent,Italian Meatballs
895,Leilah,Crispy Rice Treats
896,Amabelle,Classic Pumps
897,Reuven,Children's Backpack
898,Pammi,Motorcycle Phone Mount
899,Tannie,Classic Leather Wallet
900,Erda,Rechargeable Hand Warmer
901,Evvie,Casual Sneakers
902,Virgil,Sliced Cucumbers
903,Dore,Portable Pet Stroller
904,Octavia,Free-Range Eggs
905,Aguistin,Sesame Seeds
906,Patsy,Dish Rack
907,Mavis,LED Makeup Mirror
908,Rusty,Ceramic Planter Set
909,Lyndy,Coconut Milk Yogurt
910,Vito,Pretzel Bites
911,Norman,Microfiber Cleaning Cloths
912,Major,Smartphone Gimbal Stabilizer
913,Harmonie,Floral Summer Dress
914,Otha,Portable Hammock Swing
915,Brett,Kettle Corn Popcorn
916,Lilla,Spicy Kimchi
917,Rozanne,Oatmeal Raisin Cookies
918,Tiffy,Car Sunshade
919,Celeste,Diced Tomatoes (canned)
920,Clifford,Fresh Cilantro
921,Whitby,Glass Water Bottle
922,Sibylle,Travel Luggage Scale
923,Griffith,Laptop Sleeve
924,Hayes,Mango Chutney
925,Ianthe,Teriyaki Chicken Bowl
926,Adrian,Hiking Gaiters
927,Glenna,Pepperoni Pizza Rolls
928,Koressa,Hummus
929,Kissie,Kettle Chip Variety Pack
930,Josepha,Chili Garlic Sauce
931,Allayne,Peanut Butter
932,Kendricks,Teriyaki Beef Jerky
933,Deeyn,Adjustable Window Blind
934,Cesya,Fall-Themed Table Runner
935,Rolf,Collapsible Storage Crates
936,Arleyne,Heavy Duty Gardening Tool Set
937,Kelsy,Children's Garden Tool Set
938,Reta,Measuring Cups Set
939,Lisetta,Maple Pecan Granola
940,Kaleena,Whisk Set
941,Cathrine,Sweet Potatoes (organic)
942,Lorin,Adjustable Laptop Stand
943,Ivette,Coffee Capsule Dispenser
944,Jamie,Herbal Tea Infuser
945,Catlee,Coconut Curry Sauce
946,Cherilyn,Bluetooth Headphones
947,Phip,Chocolate Fudge Ice Cream
948,Abbey,Wild Rice Pilaf
949,Puff,Habanero Hot Sauce
950,Sky,Fashionable Belt Bag
951,Moria,Fitness Balance Ball
952,Nona,Leather Crossbody Bag
953,Barnie,Roasted Garlic Butter
954,Ronna,Dog Walking Waist Pack
955,Amandi,High-Speed HDMI Cable
956,Elwin,Herbal Tea Infuser
957,Cheri,Sliced Bell Peppers
958,Malory,Camera Tripod
959,Junie,Emergency Preparedness Kit
960,Cyndia,Balsamic Fig Dressing
961,Carter,Savory Rice Cakes
962,Gordon,Hair Dryer
963,Derrik,Sweet Chili Thai Sauce
964,Isaiah,Savory Quinoa Pudding
965,Fayette,Vegetable Fried Rice Mix
966,Cole,Electric Can Opener
967,Corrinne,Pet Hair Vacuum Attachment
968,Susie,Honey Garlic Chicken
969,Trudey,Sports Bottle
970,Emilee,Desk Organizer Set
971,Happy,Aged White Cheddar Popcorn
972,Bertie,Creamy Avocado Dip
973,Pepi,Oven-Baked Cheese Crisps
974,Derward,Pet Safety Belt for Car
975,Ezmeralda,Laptop Stand
976,Glynis,Rice Noodles
977,Arlyn,Wireless Earbuds Case
978,Zorana,Vegan Caesar Dressing
979,Charles,Caramel Apple Chips
980,Anastasie,Nature Explorer Lens Kit
981,Tess,Diced Tomatoes (canned)
982,Enrique,Snack Container Set
983,Athena,Dishwasher Safe Cutting Board
984,Katharina,Peanut Butter Granola
985,Trixie,Compact Portable Grill
986,Bea,Compact Umbrella
987,Jordana,Car Emergency Kit
988,Emilio,Classic Pumps
989,Renee,Electric Can Opener
990,Violette,Basil Tomato Soup
991,Frederich,Frozen Chicken Nuggets
992,Moises,Sweet Potato Tots
993,Wilow,Pumpkin Ice Cream
994,Edita,Cucumber
995,Kelby,Summer Tank Dress
996,Roselin,Throw Pillow Covers
997,Andrey,Thai Green Curry Paste
998,Thoma,Essential White Button-Up
999,Kennith,Vacuum Sealer Machine
1000,Ramon,Vegetable and Cheese Quesadillas
